ip,date,method,endpoint,status,size,flag
203.44.65.149,21/May/2024:05:22:46 +0000,GET,/index.php?search=home,404,6966,normal
237.40.140.14,16/Jul/2024:14:53:54 +0000,GET,/index.php?search=contact,404,7174,normal
41.47.88.96,24/Sep/2024:18:51:17 +0000,GET,/index.php?search=contact,200,8944,normal
236.196.34.12,16/Jun/2024:23:29:19 +0000,GET,/index.php?search=contact,404,4483,normal
69.147.8.101,23/Aug/2024:19:37:59 +0000,GET,/index.php?search=contact,404,6292,normal
183.226.241.248,09/Oct/2024:13:45:38 +0000,GET,/index.php?search=test,404,1266,normal
208.139.42.63,27/May/2024:07:05:33 +0000,GET,/index.php?search=about,200,6296,normal
114.179.164.178,16/Feb/2024:08:47:48 +0000,GET,/index.php?search=info,200,9946,normal
81.216.238.6,07/Jan/2024:20:19:47 +0000,GET,/index.php?search=services,404,7953,normal
226.118.219.223,09/Jul/2024:01:00:20 +0000,GET,/index.php?search=details,404,7953,normal
77.171.23.136,09/May/2024:22:03:32 +0000,GET,/index.php?search=products,200,3740,normal
186.169.81.52,09/Jul/2024:12:27:23 +0000,GET,/index.php?search=products,200,2923,normal
58.1.165.153,08/Oct/2024:14:37:27 +0000,GET,/index.php?search=products,404,8944,normal
132.202.134.167,26/Aug/2024:19:18:38 +0000,GET,/index.php?search=products,404,3740,normal
6.165.54.172,27/May/2024:19:40:40 +0000,GET,/index.php?search=example,200,7953,normal
105.152.62.18,23/Aug/2024:20:47:07 +0000,GET,/index.php?search=products,200,3587,normal
70.51.235.139,28/Jun/2024:14:58:04 +0000,GET,/index.php?search=test,404,6966,normal
61.225.14.173,24/Feb/2024:10:38:37 +0000,GET,/index.php?search=home,200,4620,normal
148.109.55.128,22/May/2024:15:45:22 +0000,GET,/index.php?search=details,404,3587,normal
202.8.61.13,28/Apr/2024:12:43:00 +0000,GET,/index.php?search=home,404,3740,normal
252.206.103.162,09/Mar/2024:04:53:47 +0000,GET,/index.php?search=user,404,2923,normal
188.129.219.79,08/Oct/2024:22:13:16 +0000,GET,/index.php?search=home,200,4620,normal
12.237.200.119,11/Oct/2024:07:36:33 +0000,GET,/index.php?search=services,200,6292,normal
175.80.67.72,16/May/2024:08:40:20 +0000,GET,/index.php?search=user,200,2227,normal
68.118.187.18,29/Jul/2024:18:50:05 +0000,GET,/index.php?search=example,200,7953,normal
148.232.89.175,20/Sep/2024:14:11:44 +0000,GET,/index.php?search=user,404,2227,normal
70.125.242.146,26/Oct/2024:15:58:20 +0000,GET,/index.php?search=details,200,6857,normal
113.145.33.62,06/Nov/2024:12:28:20 +0000,GET,/index.php?search=test,404,3587,normal
54.157.7.219,13/Jan/2024:19:04:37 +0000,GET,/index.php?search=details,200,3587,normal
40.32.136.111,23/Apr/2024:06:42:54 +0000,GET,/index.php?search=example,404,2227,normal
149.123.167.120,01/Jun/2024:00:30:40 +0000,GET,/index.php?search=services,404,6522,normal
97.199.71.237,11/Apr/2024:06:05:23 +0000,GET,/index.php?search=services,404,6292,normal
227.180.163.246,07/Oct/2024:06:54:37 +0000,GET,/index.php?search=products,404,2923,normal
4.124.194.23,24/Jan/2024:22:32:38 +0000,GET,/index.php?search=products,200,2923,normal
122.201.155.41,05/Nov/2024:21:25:05 +0000,GET,/index.php?search=details,200,2227,normal
122.71.61.154,12/Nov/2024:21:09:56 +0000,GET,/index.php?search=about,200,6857,normal
165.114.253.68,15/Aug/2024:01:00:28 +0000,GET,/index.php?search=home,200,7174,normal
57.100.103.113,29/Aug/2024:05:06:25 +0000,GET,/index.php?search=services,200,2923,normal
214.65.225.93,12/Feb/2024:17:26:12 +0000,GET,/index.php?search=home,200,3740,normal
194.72.163.147,14/Oct/2024:11:22:04 +0000,GET,/index.php?search=test,404,6522,normal
152.130.111.104,27/Jun/2024:09:46:18 +0000,GET,/index.php?search=test,404,6966,normal
25.235.217.27,18/Feb/2024:05:02:36 +0000,GET,/index.php?search=info,200,9946,normal
248.184.9.245,21/Jul/2024:06:47:55 +0000,GET,/index.php?search=info,200,8944,normal
180.240.68.51,22/Aug/2024:11:32:01 +0000,GET,/index.php?search=test,200,7953,normal
126.16.166.245,01/Jan/2024:23:59:11 +0000,GET,/index.php?search=test,404,2923,normal
150.34.16.0,03/Aug/2024:20:18:22 +0000,GET,/index.php?search=test,404,8106,normal
225.251.192.238,19/Jul/2024:17:15:57 +0000,GET,/index.php?search=example,404,4620,normal
99.74.217.147,17/Jun/2024:06:44:29 +0000,GET,/index.php?search=services,200,8106,normal
84.214.248.93,31/Mar/2024:10:24:41 +0000,GET,/index.php?search=details,200,5170,normal
9.104.1.112,13/Jan/2024:19:30:43 +0000,GET,/index.php?search=user,200,3740,normal
15.91.224.124,13/Jul/2024:21:19:52 +0000,GET,/index.php?search=test,404,3587,normal
213.227.250.148,25/Feb/2024:17:01:45 +0000,GET,/index.php?search=contact,200,6857,normal
170.128.24.60,19/Nov/2024:18:56:01 +0000,GET,/index.php?search=products,404,6296,normal
237.126.65.174,18/Sep/2024:14:56:20 +0000,GET,/index.php?search=products,404,5170,normal
147.253.86.14,25/Sep/2024:05:28:52 +0000,GET,/index.php?search=test,404,4620,normal
248.127.110.121,22/Jun/2024:21:23:11 +0000,GET,/index.php?search=test,200,5170,normal
64.178.9.238,01/Nov/2024:01:49:43 +0000,GET,/index.php?search=services,404,3740,normal
97.148.222.243,11/May/2024:01:15:27 +0000,GET,/index.php?search=products,200,6292,normal
32.152.104.11,29/Oct/2024:02:58:24 +0000,GET,/index.php?search=details,200,9946,normal
146.28.185.87,27/Feb/2024:11:14:41 +0000,GET,/index.php?search=home,404,6296,normal
37.114.174.9,18/Mar/2024:17:43:30 +0000,GET,/index.php?search=home,404,6966,normal
33.45.255.73,11/Apr/2024:12:02:49 +0000,GET,/index.php?search=example,404,9946,normal
194.130.101.214,07/Oct/2024:16:14:57 +0000,GET,/index.php?search=services,404,2923,normal
87.225.121.139,08/Mar/2024:11:30:10 +0000,GET,/index.php?search=contact,404,9059,normal
46.158.34.58,29/Jul/2024:15:31:58 +0000,GET,/index.php?search=info,404,9059,normal
254.7.157.112,04/Apr/2024:18:23:49 +0000,GET,/index.php?search=details,200,1266,normal
149.114.253.237,06/Mar/2024:04:40:13 +0000,GET,/index.php?search=user,200,9946,normal
63.78.74.241,07/Jun/2024:13:12:54 +0000,GET,/index.php?search=user,404,5170,normal
192.197.89.196,27/Aug/2024:21:53:06 +0000,GET,/index.php?search=info,200,2923,normal
139.120.33.51,09/May/2024:12:00:57 +0000,GET,/index.php?search=products,200,3587,normal
74.146.177.141,23/May/2024:20:06:58 +0000,GET,/index.php?search=about,200,9946,normal
69.198.130.124,23/Jul/2024:20:19:23 +0000,GET,/index.php?search=services,404,3740,normal
255.110.144.90,25/Aug/2024:14:31:49 +0000,GET,/index.php?search=contact,200,1266,normal
108.117.31.1,12/Mar/2024:19:33:10 +0000,GET,/index.php?search=home,404,9059,normal
229.207.199.132,01/Jan/2024:16:09:53 +0000,GET,/index.php?search=details,200,1266,normal
252.59.113.169,24/Apr/2024:05:15:53 +0000,GET,/index.php?search=info,404,1266,normal
124.150.39.119,06/Jan/2024:10:58:06 +0000,GET,/index.php?search=contact,404,8106,normal
254.71.34.17,24/Sep/2024:09:44:53 +0000,GET,/index.php?search=home,200,2923,normal
145.125.201.38,23/Oct/2024:05:20:06 +0000,GET,/index.php?search=about,404,6966,normal
12.190.168.68,26/Sep/2024:01:53:36 +0000,GET,/index.php?search=user,404,6292,normal
4.192.144.216,19/Apr/2024:13:53:53 +0000,GET,/index.php?search=contact,200,7302,normal
95.64.206.68,27/Jan/2024:12:57:16 +0000,GET,/index.php?search=about,404,6857,normal
202.245.123.161,09/Apr/2024:12:28:55 +0000,GET,/index.php?search=home,200,4620,normal
130.189.11.110,26/Mar/2024:09:53:57 +0000,GET,/index.php?search=test,200,6966,normal
230.41.15.169,19/Mar/2024:11:52:07 +0000,GET,/index.php?search=details,200,5170,normal
23.235.229.214,24/Jul/2024:00:08:40 +0000,GET,/index.php?search=user,404,6966,normal
168.12.245.126,20/Oct/2024:16:12:08 +0000,GET,/index.php?search=products,404,8944,normal
215.4.227.120,19/Oct/2024:23:19:35 +0000,GET,/index.php?search=contact,404,2227,normal
249.211.147.75,08/Nov/2024:03:29:25 +0000,GET,/index.php?search=about,200,9059,normal
147.19.166.135,30/Jun/2024:08:17:56 +0000,GET,/index.php?search=info,404,6966,normal
243.127.67.7,02/May/2024:09:56:02 +0000,GET,/index.php?search=details,404,6522,normal
252.226.103.41,04/Oct/2024:11:57:07 +0000,GET,/index.php?search=info,200,6966,normal
218.48.116.2,30/Mar/2024:17:41:12 +0000,GET,/index.php?search=services,404,6857,normal
250.207.104.19,25/Mar/2024:03:29:55 +0000,GET,/index.php?search=example,404,6857,normal
130.159.34.142,31/May/2024:11:39:07 +0000,GET,/index.php?search=services,404,6522,normal
203.193.92.114,25/May/2024:19:45:57 +0000,GET,/index.php?search=test,404,4620,normal
112.83.186.127,18/Feb/2024:09:21:41 +0000,GET,/index.php?search=home,200,6857,normal
86.65.120.100,21/May/2024:18:54:47 +0000,GET,/index.php?search=example,200,7953,normal
207.11.156.240,18/Mar/2024:09:58:03 +0000,GET,/index.php?search=about,404,8944,normal
175.34.22.162,16/May/2024:02:16:48 +0000,GET,/index.php?search=about,404,3740,normal
151.239.8.66,25/Jun/2024:15:32:39 +0000,GET,/index.php?search=test,404,9059,normal
153.162.21.180,17/Oct/2024:12:59:33 +0000,GET,/index.php?search=about,404,1266,normal
84.110.184.102,17/Feb/2024:06:45:17 +0000,GET,/index.php?search=user,404,7302,normal
56.159.65.24,18/Nov/2024:17:27:02 +0000,GET,/index.php?search=home,404,2227,normal
182.87.221.29,10/Mar/2024:07:36:40 +0000,GET,/index.php?search=test,404,9946,normal
190.225.129.192,02/Aug/2024:01:53:06 +0000,GET,/index.php?search=details,404,1266,normal
246.76.204.204,10/Aug/2024:23:12:02 +0000,GET,/index.php?search=user,200,7302,normal
191.216.217.222,23/Feb/2024:00:27:07 +0000,GET,/index.php?search=user,404,1266,normal
57.98.221.242,08/Jun/2024:03:45:09 +0000,GET,/index.php?search=user,200,7302,normal
65.33.143.225,11/Feb/2024:01:39:33 +0000,GET,/index.php?search=info,200,9059,normal
44.145.245.141,28/Oct/2024:10:11:10 +0000,GET,/index.php?search=test,200,4620,normal
235.6.117.245,19/Jun/2024:21:12:51 +0000,GET,/index.php?search=info,404,6296,normal
119.98.111.71,14/Feb/2024:21:50:26 +0000,GET,/index.php?search=products,404,6857,normal
229.69.9.79,04/Jun/2024:03:57:23 +0000,GET,/index.php?search=details,200,6522,normal
251.113.217.15,16/Sep/2024:05:00:04 +0000,GET,/index.php?search=services,200,4620,normal
44.238.169.157,03/Jul/2024:22:12:38 +0000,GET,/index.php?search=about,404,6857,normal
251.38.143.237,20/Jun/2024:09:51:56 +0000,GET,/index.php?search=products,404,3740,normal
198.28.76.145,07/May/2024:07:25:05 +0000,GET,/index.php?search=home,404,9946,normal
54.175.32.115,27/Apr/2024:16:39:51 +0000,GET,/index.php?search=products,404,6292,normal
156.11.157.228,01/Apr/2024:00:24:31 +0000,GET,/index.php?search=about,200,5170,normal
104.5.107.44,07/Oct/2024:20:57:39 +0000,GET,/index.php?search=services,200,9946,normal
89.71.35.244,03/Mar/2024:23:24:10 +0000,GET,/index.php?search=test,404,4620,normal
87.188.204.203,17/Feb/2024:19:47:24 +0000,GET,/index.php?search=contact,404,7953,normal
254.115.19.141,07/Jan/2024:22:56:51 +0000,GET,/index.php?search=info,404,6522,normal
180.108.190.155,04/May/2024:11:53:51 +0000,GET,/index.php?search=user,200,1266,normal
112.200.46.202,01/Jun/2024:12:08:52 +0000,GET,/index.php?search=test,404,3587,normal
32.247.149.19,07/Aug/2024:20:58:15 +0000,GET,/index.php?search=about,404,9946,normal
166.126.6.37,12/Feb/2024:17:50:54 +0000,GET,/index.php?search=about,404,6966,normal
135.108.207.21,11/Sep/2024:13:06:32 +0000,GET,/index.php?search=user,404,7302,normal
38.142.6.128,22/Jul/2024:14:31:10 +0000,GET,/index.php?search=about,404,2227,normal
30.168.118.144,10/Mar/2024:17:00:14 +0000,GET,/index.php?search=test,200,7174,normal
89.177.223.120,12/May/2024:03:54:23 +0000,GET,/index.php?search=user,404,7302,normal
126.37.250.31,20/Feb/2024:00:26:46 +0000,GET,/index.php?search=home,200,6522,normal
221.249.45.45,23/Jan/2024:19:02:35 +0000,GET,/index.php?search=example,200,9059,normal
204.194.165.43,23/Jan/2024:02:19:05 +0000,GET,/index.php?search=services,200,7953,normal
21.146.242.35,15/Nov/2024:08:40:04 +0000,GET,/index.php?search=contact,200,7953,normal
34.10.196.205,06/Mar/2024:10:41:24 +0000,GET,/index.php?search=about,200,3740,normal
169.64.227.133,31/Oct/2024:17:43:29 +0000,GET,/index.php?search=services,200,3587,normal
64.18.132.173,26/Sep/2024:22:12:00 +0000,GET,/index.php?search=about,404,3587,normal
53.59.94.148,18/Sep/2024:13:37:19 +0000,GET,/index.php?search=products,200,6292,normal
16.143.26.41,13/Nov/2024:03:06:05 +0000,GET,/index.php?search=test,200,7174,normal
33.121.65.20,24/Apr/2024:23:59:49 +0000,GET,/index.php?search=info,200,2923,normal
121.60.124.19,01/Feb/2024:01:10:08 +0000,GET,/index.php?search=contact,200,7302,normal
36.35.0.108,08/Jun/2024:23:56:55 +0000,GET,/index.php?search=info,404,1266,normal
176.101.205.150,12/Aug/2024:11:47:13 +0000,GET,/index.php?search=products,404,5170,normal
130.231.249.172,05/Mar/2024:12:03:44 +0000,GET,/index.php?search=details,200,5170,normal
162.156.250.237,09/Jun/2024:08:57:04 +0000,GET,/index.php?search=products,200,4620,normal
63.245.78.125,23/Jul/2024:07:13:47 +0000,GET,/index.php?search=test,200,6966,normal
155.21.119.20,02/Sep/2024:07:05:04 +0000,GET,/index.php?search=user,200,9946,normal
239.247.79.94,13/Jan/2024:04:33:07 +0000,GET,/index.php?search=services,404,3587,normal
221.72.90.116,02/Nov/2024:00:36:25 +0000,GET,/index.php?search=about,404,6857,normal
211.21.140.42,26/May/2024:09:45:21 +0000,GET,/index.php?search=info,200,7302,normal
189.118.62.33,17/Oct/2024:01:24:00 +0000,GET,/index.php?search=contact,200,3740,normal
86.140.97.40,18/Apr/2024:01:18:13 +0000,GET,/index.php?search=example,404,2923,normal
75.131.2.153,23/Jan/2024:12:52:16 +0000,GET,/index.php?search=products,404,6857,normal
240.125.25.132,20/Jan/2024:22:56:36 +0000,GET,/index.php?search=products,200,6292,normal
4.134.251.220,21/Aug/2024:21:27:04 +0000,GET,/index.php?search=details,404,3740,normal
32.230.178.56,10/Jan/2024:04:40:45 +0000,GET,/index.php?search=products,200,6522,normal
187.11.63.143,19/Aug/2024:16:20:53 +0000,GET,/index.php?search=user,200,8944,normal
113.209.167.17,19/May/2024:04:22:48 +0000,GET,/index.php?search=products,200,9946,normal
72.189.53.45,14/Oct/2024:00:17:52 +0000,GET,/index.php?search=products,404,3740,normal
123.245.70.123,03/Feb/2024:01:23:14 +0000,GET,/index.php?search=products,200,4483,normal
14.212.96.52,30/Sep/2024:08:58:26 +0000,GET,/index.php?search=products,404,7174,normal
33.154.222.74,20/Jan/2024:10:26:11 +0000,GET,/index.php?search=home,404,9946,normal
138.215.75.184,28/Jul/2024:10:32:46 +0000,GET,/index.php?search=example,404,5170,normal
77.35.229.94,03/Apr/2024:15:57:03 +0000,GET,/index.php?search=example,200,5170,normal
235.63.245.160,06/Sep/2024:13:08:05 +0000,GET,/index.php?search=about,404,2227,normal
190.17.38.201,04/Jul/2024:10:02:20 +0000,GET,/index.php?search=home,404,6857,normal
56.109.34.137,16/Apr/2024:22:27:30 +0000,GET,/index.php?search=test,404,7953,normal
180.95.110.98,14/Apr/2024:16:00:50 +0000,GET,/index.php?search=details,200,6966,normal
186.196.159.114,10/Jul/2024:23:40:24 +0000,GET,/index.php?search=products,200,2923,normal
129.202.244.84,27/Jun/2024:20:06:53 +0000,GET,/index.php?search=details,404,1266,normal
173.1.47.136,18/Aug/2024:02:21:34 +0000,GET,/index.php?search=products,200,7953,normal
37.170.173.145,29/Apr/2024:02:54:54 +0000,GET,/index.php?search=test,200,4620,normal
177.67.227.250,10/Sep/2024:18:22:47 +0000,GET,/index.php?search=example,404,6292,normal
221.103.175.202,23/Jan/2024:00:47:34 +0000,GET,/index.php?search=services,404,2227,normal
136.131.220.20,04/Jun/2024:05:10:53 +0000,GET,/index.php?search=info,200,6296,normal
220.194.93.164,17/Oct/2024:06:08:00 +0000,GET,/index.php?search=contact,404,6292,normal
220.195.90.243,30/Sep/2024:17:20:08 +0000,GET,/index.php?search=about,404,3740,normal
169.41.150.138,29/May/2024:02:59:45 +0000,GET,/index.php?search=info,404,5170,normal
135.191.179.193,02/Feb/2024:10:18:56 +0000,GET,/index.php?search=info,404,6966,normal
114.244.48.125,29/May/2024:22:13:51 +0000,GET,/index.php?search=home,200,4620,normal
130.81.112.45,16/Feb/2024:03:12:24 +0000,GET,/index.php?search=user,200,9946,normal
184.160.91.77,08/Jun/2024:07:29:41 +0000,GET,/index.php?search=user,200,6292,normal
84.90.205.237,18/Aug/2024:01:08:17 +0000,GET,/index.php?search=user,404,9946,normal
135.98.220.162,13/May/2024:06:05:29 +0000,GET,/index.php?search=about,404,9059,normal
57.209.21.179,25/Feb/2024:02:46:24 +0000,GET,/index.php?search=products,404,9946,normal
7.92.112.6,10/May/2024:05:11:36 +0000,GET,/index.php?search=about,404,6292,normal
243.242.146.135,06/Jan/2024:20:50:12 +0000,GET,/index.php?search=user,404,2923,normal
74.184.82.77,20/Aug/2024:21:03:12 +0000,GET,/index.php?search=example,404,3740,normal
94.48.225.169,20/Oct/2024:16:53:49 +0000,GET,/index.php?search=about,404,6292,normal
64.67.230.150,30/Sep/2024:11:21:43 +0000,GET,/index.php?search=services,404,1266,normal
68.188.14.142,11/Jun/2024:19:47:54 +0000,GET,/index.php?search=about,200,3740,normal
24.180.119.244,25/Aug/2024:19:09:46 +0000,GET,/index.php?search=services,404,8106,normal
32.62.174.63,11/Jun/2024:17:00:12 +0000,GET,/index.php?search=contact,200,8944,normal
203.89.38.42,07/Aug/2024:19:03:48 +0000,GET,/index.php?search=user,200,2923,normal
251.56.141.3,06/May/2024:23:18:18 +0000,GET,/index.php?search=about,404,8944,normal
218.151.231.171,10/Nov/2024:18:36:46 +0000,GET,/index.php?search=about,404,7302,normal
52.1.151.181,01/Jan/2024:22:12:49 +0000,GET,/index.php?search=products,200,7302,normal
119.131.112.207,26/Sep/2024:23:45:44 +0000,GET,/index.php?search=user,404,6296,normal
221.144.104.24,15/Jan/2024:10:47:28 +0000,GET,/index.php?search=details,404,6966,normal
74.163.98.240,25/Sep/2024:11:54:04 +0000,GET,/index.php?search=user,200,6296,normal
178.148.7.19,08/Mar/2024:07:39:12 +0000,GET,/index.php?search=products,404,7174,normal
71.116.133.143,01/Jul/2024:18:33:51 +0000,GET,/index.php?search=test,200,6522,normal
215.146.18.223,26/Jul/2024:19:13:33 +0000,GET,/index.php?search=home,404,4620,normal
5.206.127.146,02/Aug/2024:20:44:32 +0000,GET,/index.php?search=home,404,6292,normal
239.26.52.234,23/Jul/2024:07:52:40 +0000,GET,/index.php?search=contact,404,2227,normal
243.192.207.72,17/Jun/2024:09:58:53 +0000,GET,/index.php?search=user,200,6857,normal
1.69.87.181,12/Jan/2024:19:36:30 +0000,GET,/index.php?search=example,200,6522,normal
237.56.225.86,23/May/2024:13:30:45 +0000,GET,/index.php?search=test,404,6296,normal
8.149.130.133,08/Oct/2024:23:35:15 +0000,GET,/index.php?search=example,404,8106,normal
121.151.65.10,17/Apr/2024:18:39:33 +0000,GET,/index.php?search=home,404,4483,normal
161.129.213.26,31/May/2024:18:41:29 +0000,GET,/index.php?search=products,404,6522,normal
229.119.170.139,12/Jan/2024:00:52:17 +0000,GET,/index.php?search=test,404,9059,normal
135.24.117.120,21/Jun/2024:17:04:36 +0000,GET,/index.php?search=info,404,4620,normal
89.226.114.70,22/Aug/2024:15:42:54 +0000,GET,/index.php?search=home,404,8944,normal
138.114.105.156,12/Nov/2024:05:38:39 +0000,GET,/index.php?search=example,404,4620,normal
154.233.216.18,28/Sep/2024:04:50:38 +0000,GET,/index.php?search=services,404,4620,normal
13.95.210.91,19/Oct/2024:16:39:38 +0000,GET,/index.php?search=details,200,7953,normal
147.145.19.171,12/Jun/2024:21:08:29 +0000,GET,/index.php?search=info,404,7302,normal
27.202.98.42,14/Feb/2024:19:45:06 +0000,GET,/index.php?search=details,200,4483,normal
128.172.146.1,11/Aug/2024:22:18:44 +0000,GET,/index.php?search=about,404,3587,normal
136.88.203.23,15/Jul/2024:08:46:39 +0000,GET,/index.php?search=home,404,2227,normal
144.167.142.186,09/Sep/2024:03:14:30 +0000,GET,/index.php?search=user,404,6857,normal
97.116.14.24,10/Jun/2024:05:44:59 +0000,GET,/index.php?search=contact,404,3587,normal
180.77.183.203,24/Jan/2024:17:34:41 +0000,GET,/index.php?search=example,200,2923,normal
252.36.238.161,21/May/2024:18:10:21 +0000,GET,/index.php?search=services,200,1266,normal
28.53.108.21,01/Feb/2024:20:07:45 +0000,GET,/index.php?search=services,200,3740,normal
64.73.35.152,03/Jan/2024:08:35:35 +0000,GET,/index.php?search=details,404,2227,normal
53.200.185.235,30/Mar/2024:08:13:16 +0000,GET,/index.php?search=test,404,6966,normal
250.81.70.172,07/Jan/2024:08:25:01 +0000,GET,/index.php?search=details,200,3740,normal
95.37.234.253,04/Nov/2024:12:22:14 +0000,GET,/index.php?search=about,404,6522,normal
206.62.119.220,09/Jul/2024:17:16:27 +0000,GET,/index.php?search=user,404,8944,normal
199.195.40.130,08/Mar/2024:18:13:01 +0000,GET,/index.php?search=test,200,7302,normal
131.238.14.46,05/Oct/2024:11:41:20 +0000,GET,/index.php?search=contact,200,2227,normal
173.234.36.111,02/Sep/2024:06:49:22 +0000,GET,/index.php?search=contact,404,7302,normal
225.223.239.13,16/Jan/2024:18:50:06 +0000,GET,/index.php?search=contact,404,3587,normal
24.215.142.153,26/Sep/2024:06:13:37 +0000,GET,/index.php?search=home,200,9946,normal
80.113.184.232,11/Nov/2024:16:05:50 +0000,GET,/index.php?search=details,404,1266,normal
221.165.34.82,20/Sep/2024:01:01:27 +0000,GET,/index.php?search=services,404,2923,normal
134.63.224.132,08/Aug/2024:22:29:46 +0000,GET,/index.php?search=products,200,4620,normal
94.79.76.74,13/Aug/2024:13:21:24 +0000,GET,/index.php?search=test,404,3740,normal
50.75.72.113,05/Jan/2024:02:26:35 +0000,GET,/index.php?search=products,200,3587,normal
107.32.145.94,27/Feb/2024:06:46:06 +0000,GET,/index.php?search=info,404,6296,normal
100.18.234.183,13/May/2024:14:57:32 +0000,GET,/index.php?search=home,200,7953,normal
101.250.170.72,11/Jun/2024:17:20:47 +0000,GET,/index.php?search=test,200,5170,normal
185.3.123.145,04/Feb/2024:17:16:12 +0000,GET,/index.php?search=about,404,3587,normal
25.222.5.229,21/Apr/2024:03:42:51 +0000,GET,/index.php?search=info,404,7174,normal
97.178.44.161,06/May/2024:15:37:02 +0000,GET,/index.php?search=contact,404,4620,normal
109.198.173.218,02/Nov/2024:02:16:44 +0000,GET,/index.php?search=user,404,6857,normal
157.116.199.154,31/Jan/2024:22:48:27 +0000,GET,/index.php?search=test,404,2227,normal
8.193.38.28,26/Sep/2024:16:55:06 +0000,GET,/index.php?search=about,404,3740,normal
26.27.204.63,20/Nov/2024:04:27:24 +0000,GET,/index.php?search=user,200,1266,normal
246.7.152.7,06/Jun/2024:21:02:01 +0000,GET,/index.php?search=contact,200,8944,normal
15.15.43.110,19/Jun/2024:06:50:23 +0000,GET,/index.php?search=home,404,3587,normal
239.218.98.82,20/Jun/2024:01:03:24 +0000,GET,/index.php?search=contact,200,4483,normal
166.204.48.20,22/Aug/2024:11:33:05 +0000,GET,/index.php?search=test,404,7174,normal
148.131.254.48,12/Apr/2024:17:30:41 +0000,GET,/index.php?search=products,200,9059,normal
36.185.130.162,02/Mar/2024:01:11:59 +0000,GET,/index.php?search=contact,200,6966,normal
218.80.55.109,07/Jan/2024:18:40:57 +0000,GET,/index.php?search=about,404,9946,normal
133.0.74.199,26/Apr/2024:19:57:35 +0000,GET,/index.php?search=products,404,8106,normal
205.43.181.1,07/May/2024:18:06:31 +0000,GET,/index.php?search=contact,404,5170,normal
74.172.96.157,27/Feb/2024:23:48:38 +0000,GET,/index.php?search=home,200,7174,normal
68.75.72.26,21/Nov/2024:07:12:13 +0000,GET,/index.php?search=about,404,2227,normal
56.143.62.61,08/Sep/2024:21:42:39 +0000,GET,/index.php?search=test,404,6292,normal
35.152.100.228,26/Sep/2024:04:57:54 +0000,GET,/index.php?search=example,404,8106,normal
226.215.224.222,29/Sep/2024:07:48:52 +0000,GET,/index.php?search=services,200,6966,normal
201.217.80.108,09/Aug/2024:14:38:42 +0000,GET,/index.php?search=test,200,7174,normal
208.192.247.176,29/Jun/2024:10:01:28 +0000,GET,/index.php?search=test,404,1266,normal
46.81.165.151,07/Oct/2024:09:42:12 +0000,GET,/index.php?search=services,200,8944,normal
210.93.62.205,18/Apr/2024:08:24:15 +0000,GET,/index.php?search=home,404,8944,normal
188.241.46.113,13/Oct/2024:14:40:25 +0000,GET,/index.php?search=products,200,8944,normal
34.231.49.118,13/Jan/2024:05:27:23 +0000,GET,/index.php?search=test,404,6522,normal
18.146.115.212,18/Jul/2024:22:16:50 +0000,GET,/index.php?search=user,404,8106,normal
18.44.63.88,28/Jun/2024:23:05:55 +0000,GET,/index.php?search=details,404,7174,normal
226.219.195.199,29/Apr/2024:17:10:50 +0000,GET,/index.php?search=about,200,9946,normal
32.21.228.29,16/Sep/2024:08:00:59 +0000,GET,/index.php?search=products,404,8944,normal
233.154.134.147,15/Sep/2024:02:15:41 +0000,GET,/index.php?search=about,200,6296,normal
142.52.98.199,03/May/2024:09:57:45 +0000,GET,/index.php?search=about,404,3740,normal
223.232.222.201,07/Oct/2024:04:17:13 +0000,GET,/index.php?search=home,200,6292,normal
122.227.236.12,25/Mar/2024:13:08:00 +0000,GET,/index.php?search=services,404,3740,normal
115.65.209.154,24/Jan/2024:11:06:29 +0000,GET,/index.php?search=products,404,3740,normal
94.160.156.195,14/Feb/2024:09:30:02 +0000,GET,/index.php?search=test,404,4483,normal
65.206.26.129,11/Nov/2024:13:58:18 +0000,GET,/index.php?search=info,404,6522,normal
188.190.121.49,02/Jan/2024:09:14:53 +0000,GET,/index.php?search=services,200,7953,normal
163.166.70.215,07/Apr/2024:14:12:01 +0000,GET,/index.php?search=test,200,4620,normal
123.115.188.207,19/Jan/2024:14:47:05 +0000,GET,/index.php?search=details,200,3587,normal
219.34.236.153,21/Feb/2024:14:38:16 +0000,GET,/index.php?search=details,200,4620,normal
202.177.89.221,03/Feb/2024:01:34:46 +0000,GET,/index.php?search=products,404,6522,normal
92.109.214.33,29/Jul/2024:20:35:46 +0000,GET,/index.php?search=example,200,9946,normal
149.8.129.170,18/Nov/2024:12:15:40 +0000,GET,/index.php?search=info,404,1266,normal
87.20.237.204,16/Feb/2024:08:04:24 +0000,GET,/index.php?search=contact,404,7174,normal
55.210.108.186,16/Nov/2024:23:42:17 +0000,GET,/index.php?search=example,404,4620,normal
199.60.171.103,09/Mar/2024:20:39:19 +0000,GET,/index.php?search=home,404,7174,normal
210.90.184.161,10/Oct/2024:15:57:49 +0000,GET,/index.php?search=user,200,2227,normal
212.122.23.10,22/Oct/2024:16:21:56 +0000,GET,/index.php?search=example,200,2923,normal
249.119.175.103,11/Aug/2024:18:48:29 +0000,GET,/index.php?search=example,404,6966,normal
52.44.134.16,10/Sep/2024:09:20:19 +0000,GET,/index.php?search=example,404,8106,normal
210.95.27.28,31/Mar/2024:13:15:06 +0000,GET,/index.php?search=user,200,6857,normal
223.150.232.134,20/Jan/2024:04:26:40 +0000,GET,/index.php?search=example,200,7174,normal
211.30.126.166,19/Apr/2024:20:28:51 +0000,GET,/index.php?search=details,200,5170,normal
229.113.75.75,30/Jun/2024:03:30:29 +0000,GET,/index.php?search=about,200,3587,normal
13.107.109.214,25/Oct/2024:01:44:48 +0000,GET,/index.php?search=contact,404,9059,normal
140.241.96.96,22/Jul/2024:16:47:32 +0000,GET,/index.php?search=products,404,8944,normal
119.83.133.18,10/Jun/2024:14:49:40 +0000,GET,/index.php?search=info,200,5170,normal
117.73.166.89,19/Nov/2024:09:58:51 +0000,GET,/index.php?search=user,200,2923,normal
241.12.42.235,12/Sep/2024:16:01:46 +0000,GET,/index.php?search=test,404,3740,normal
51.39.123.11,06/Jul/2024:01:26:26 +0000,GET,/index.php?search=example,404,6296,normal
16.253.18.242,03/Apr/2024:13:44:02 +0000,GET,/index.php?search=info,404,2923,normal
219.40.247.127,29/Jan/2024:13:55:13 +0000,GET,/index.php?search=user,200,9946,normal
73.78.37.158,23/Apr/2024:06:12:28 +0000,GET,/index.php?search=details,404,3587,normal
244.107.244.89,27/Jan/2024:10:25:41 +0000,GET,/index.php?search=products,404,1266,normal
242.88.52.176,29/Apr/2024:09:56:11 +0000,GET,/index.php?search=example,200,3587,normal
207.253.239.113,24/May/2024:23:17:07 +0000,GET,/index.php?search=products,200,3587,normal
60.161.244.38,20/Nov/2024:23:20:10 +0000,GET,/index.php?search=user,404,7302,normal
199.232.99.66,03/Aug/2024:10:12:23 +0000,GET,/index.php?search=contact,200,8106,normal
110.239.39.119,10/Oct/2024:12:33:00 +0000,GET,/index.php?search=contact,404,3740,normal
249.117.145.230,09/May/2024:11:19:39 +0000,GET,/index.php?search=home,404,9946,normal
146.80.44.48,17/Mar/2024:11:06:24 +0000,GET,/index.php?search=about,404,1266,normal
203.82.201.146,01/Jul/2024:03:51:37 +0000,GET,/index.php?search=details,200,3587,normal
186.104.62.70,05/May/2024:16:12:25 +0000,GET,/index.php?search=services,404,6966,normal
212.51.135.45,22/Jul/2024:04:34:49 +0000,GET,/index.php?search=home,200,4620,normal
3.3.15.12,22/May/2024:21:54:16 +0000,GET,/index.php?search=info,200,7174,normal
234.55.122.225,02/Nov/2024:22:46:47 +0000,GET,/index.php?search=details,200,3740,normal
90.123.117.251,13/Sep/2024:14:11:44 +0000,GET,/index.php?search=contact,200,9059,normal
253.39.17.219,06/Jan/2024:02:28:31 +0000,GET,/index.php?search=products,200,9946,normal
196.225.77.88,31/Jul/2024:23:20:10 +0000,GET,/index.php?search=products,200,4620,normal
56.143.115.209,11/Sep/2024:13:39:32 +0000,GET,/index.php?search=info,200,9059,normal
139.114.221.40,11/Jul/2024:14:49:30 +0000,GET,/index.php?search=contact,200,8944,normal
171.71.39.122,02/Aug/2024:15:14:37 +0000,GET,/index.php?search=example,404,4483,normal
25.96.180.165,16/Feb/2024:05:22:36 +0000,GET,/index.php?search=about,200,2227,normal
230.54.249.108,11/Mar/2024:09:24:21 +0000,GET,/index.php?search=details,404,6966,normal
59.185.84.124,11/Jul/2024:10:37:09 +0000,GET,/index.php?search=user,200,6857,normal
12.144.168.156,14/May/2024:02:04:32 +0000,GET,/index.php?search=contact,404,6296,normal
192.119.215.75,08/Nov/2024:00:46:57 +0000,GET,/index.php?search=products,404,9059,normal
54.17.186.208,25/Jul/2024:19:18:36 +0000,GET,/index.php?search=user,200,5170,normal
213.19.64.47,13/May/2024:05:11:46 +0000,GET,/index.php?search=services,200,8106,normal
141.247.178.24,10/Aug/2024:06:14:56 +0000,GET,/index.php?search=example,200,9059,normal
77.137.37.226,08/Jan/2024:10:21:32 +0000,GET,/index.php?search=example,200,6292,normal
146.130.119.205,23/Apr/2024:21:09:43 +0000,GET,/index.php?search=home,404,7953,normal
161.252.81.187,16/Oct/2024:17:31:12 +0000,GET,/index.php?search=contact,200,7302,normal
152.205.169.138,20/Aug/2024:23:13:49 +0000,GET,/index.php?search=test,200,6296,normal
60.154.50.253,04/Jul/2024:19:00:55 +0000,GET,/index.php?search=user,404,9059,normal
117.140.109.209,29/Jun/2024:22:04:00 +0000,GET,/index.php?search=home,200,2227,normal
141.236.74.218,20/Jan/2024:03:26:41 +0000,GET,/index.php?search=example,404,2923,normal
205.19.166.63,21/Oct/2024:01:33:25 +0000,GET,/index.php?search=test,404,6857,normal
4.58.91.56,02/Oct/2024:08:16:01 +0000,GET,/index.php?search=user,404,1266,normal
177.210.31.5,30/Oct/2024:01:45:55 +0000,GET,/index.php?search=details,200,7302,normal
83.215.136.77,11/Jul/2024:22:20:20 +0000,GET,/index.php?search=services,404,6292,normal
191.130.123.175,22/Jun/2024:04:23:44 +0000,GET,/index.php?search=contact,404,6296,normal
175.89.33.14,15/May/2024:04:26:07 +0000,GET,/index.php?search=details,200,7953,normal
213.66.2.202,12/Feb/2024:04:56:57 +0000,GET,/index.php?search=example,404,6857,normal
212.20.118.205,25/Feb/2024:00:38:39 +0000,GET,/index.php?search=home,200,3587,normal
216.42.142.50,27/Oct/2024:16:15:51 +0000,GET,/index.php?search=services,404,1266,normal
1.82.1.235,14/Jan/2024:20:50:53 +0000,GET,/index.php?search=services,404,1266,normal
36.231.83.79,29/Jul/2024:14:13:17 +0000,GET,/index.php?search=about,404,5170,normal
100.145.139.233,23/Jul/2024:11:29:15 +0000,GET,/index.php?search=test,200,7174,normal
63.203.51.73,25/Jan/2024:06:35:33 +0000,GET,/index.php?search=services,404,2227,normal
19.191.75.224,02/Jun/2024:15:11:44 +0000,GET,/index.php?search=example,200,4483,normal
172.206.100.6,23/Sep/2024:19:23:40 +0000,GET,/index.php?search=info,200,8106,normal
131.7.148.89,16/Sep/2024:01:08:05 +0000,GET,/index.php?search=info,200,7174,normal
249.172.81.137,18/Mar/2024:19:58:15 +0000,GET,/index.php?search=test,200,6966,normal
35.67.8.76,15/Mar/2024:13:17:22 +0000,GET,/index.php?search=home,404,7953,normal
131.34.169.4,14/Aug/2024:21:52:24 +0000,GET,/index.php?search=test,404,6292,normal
9.245.163.193,08/May/2024:06:40:24 +0000,GET,/index.php?search=test,200,2227,normal
21.112.156.127,20/Apr/2024:11:34:23 +0000,GET,/index.php?search=info,404,8944,normal
160.64.35.21,15/Jun/2024:05:47:18 +0000,GET,/index.php?search=test,404,4483,normal
120.36.70.47,16/Jan/2024:08:44:47 +0000,GET,/index.php?search=example,200,7302,normal
249.93.118.204,04/Mar/2024:01:11:20 +0000,GET,/index.php?search=info,404,4483,normal
102.46.247.58,09/May/2024:01:11:27 +0000,GET,/index.php?search=services,404,7953,normal
194.12.150.217,23/Jul/2024:06:37:04 +0000,GET,/index.php?search=contact,200,4620,normal
183.130.123.197,22/May/2024:06:02:08 +0000,GET,/index.php?search=about,404,8944,normal
175.19.23.224,25/Aug/2024:15:07:08 +0000,GET,/index.php?search=services,404,3587,normal
68.134.234.87,01/Jul/2024:18:09:02 +0000,GET,/index.php?search=test,200,5170,normal
146.59.68.89,26/Feb/2024:14:41:55 +0000,GET,/index.php?search=info,200,7953,normal
11.233.239.134,08/Sep/2024:21:26:47 +0000,GET,/index.php?search=user,404,8944,normal
124.210.225.251,19/May/2024:13:22:19 +0000,GET,/index.php?search=example,200,3740,normal
83.93.112.18,02/Feb/2024:15:18:44 +0000,GET,/index.php?search=details,200,3587,normal
161.244.102.225,18/May/2024:00:50:56 +0000,GET,/index.php?search=info,200,3740,normal
180.50.103.201,24/Apr/2024:15:22:28 +0000,GET,/index.php?search=services,404,3740,normal
202.1.53.23,18/Oct/2024:19:51:55 +0000,GET,/index.php?search=user,404,9946,normal
82.163.228.28,09/Aug/2024:11:25:41 +0000,GET,/index.php?search=test,404,4620,normal
150.16.83.33,11/Jul/2024:21:11:27 +0000,GET,/index.php?search=home,404,8944,normal
70.52.188.106,11/Nov/2024:13:29:56 +0000,GET,/index.php?search=services,404,8106,normal
126.120.235.95,30/Jul/2024:04:50:54 +0000,GET,/index.php?search=example,200,6296,normal
46.233.66.29,04/May/2024:04:01:05 +0000,GET,/index.php?search=user,200,7953,normal
230.101.231.176,07/Jul/2024:08:17:54 +0000,GET,/index.php?search=services,404,7302,normal
151.50.144.17,29/Jan/2024:12:33:37 +0000,GET,/index.php?search=contact,200,1266,normal
229.150.135.239,07/Jul/2024:00:59:02 +0000,GET,/index.php?search=services,404,6522,normal
241.70.211.223,15/Mar/2024:17:48:30 +0000,GET,/index.php?search=services,200,4620,normal
245.38.150.51,03/Mar/2024:22:44:21 +0000,GET,/index.php?search=info,404,6296,normal
51.187.144.201,16/Sep/2024:00:06:26 +0000,GET,/index.php?search=info,404,9059,normal
119.208.151.179,27/Jan/2024:19:03:57 +0000,GET,/index.php?search=user,200,6522,normal
185.82.54.46,27/Jan/2024:06:56:49 +0000,GET,/index.php?search=example,200,5170,normal
248.129.180.117,23/Aug/2024:10:39:49 +0000,GET,/index.php?search=test,200,9946,normal
150.100.193.42,30/Aug/2024:10:55:19 +0000,GET,/index.php?search=details,404,7953,normal
49.73.94.15,17/Feb/2024:22:32:35 +0000,GET,/index.php?search=services,200,6296,normal
97.9.122.162,11/Nov/2024:23:01:07 +0000,GET,/index.php?search=details,200,7302,normal
209.246.198.67,19/Sep/2024:04:19:49 +0000,GET,/index.php?search=test,404,2923,normal
219.240.28.125,27/Aug/2024:15:05:16 +0000,GET,/index.php?search=home,200,3740,normal
219.140.14.108,05/Jan/2024:16:32:38 +0000,GET,/index.php?search=services,404,8106,normal
215.229.216.47,10/Aug/2024:12:09:58 +0000,GET,/index.php?search=example,200,9059,normal
143.114.93.209,26/Jan/2024:05:47:24 +0000,GET,/index.php?search=test,404,4620,normal
176.124.49.44,18/Jan/2024:06:12:00 +0000,GET,/index.php?search=user,404,2923,normal
156.44.220.54,14/Mar/2024:06:08:26 +0000,GET,/index.php?search=services,200,6966,normal
76.212.41.145,04/Jan/2024:04:15:07 +0000,GET,/index.php?search=user,404,3587,normal
175.97.166.60,08/Feb/2024:12:08:13 +0000,GET,/index.php?search=info,200,3587,normal
21.61.252.225,30/May/2024:14:04:57 +0000,GET,/index.php?search=details,404,5170,normal
59.212.121.78,10/Jun/2024:05:58:10 +0000,GET,/index.php?search=contact,200,7174,normal
109.242.147.158,29/May/2024:17:34:27 +0000,GET,/index.php?search=services,200,2227,normal
98.203.162.47,03/May/2024:22:18:06 +0000,GET,/index.php?search=info,200,6296,normal
101.63.24.94,03/Mar/2024:04:31:37 +0000,GET,/index.php?search=info,200,6966,normal
67.9.240.204,04/Jan/2024:12:01:25 +0000,GET,/index.php?search=about,404,6522,normal
210.65.4.95,19/Sep/2024:07:58:40 +0000,GET,/index.php?search=details,200,7953,normal
237.37.176.162,19/Feb/2024:08:59:42 +0000,GET,/index.php?search=about,200,7302,normal
171.20.3.30,12/Nov/2024:01:05:37 +0000,GET,/index.php?search=example,404,2227,normal
237.113.193.29,25/Feb/2024:21:59:08 +0000,GET,/index.php?search=details,200,3740,normal
195.157.231.195,18/Mar/2024:15:15:47 +0000,GET,/index.php?search=home,200,4620,normal
251.214.170.152,18/Aug/2024:09:07:43 +0000,GET,/index.php?search=services,200,8106,normal
53.9.105.142,13/Feb/2024:04:54:13 +0000,GET,/index.php?search=test,200,6857,normal
194.177.61.146,01/Sep/2024:12:35:45 +0000,GET,/index.php?search=about,404,6522,normal
180.88.217.199,09/Jul/2024:10:27:09 +0000,GET,/index.php?search=products,404,2227,normal
111.82.79.160,02/Feb/2024:20:13:30 +0000,GET,/index.php?search=services,200,6292,normal
10.254.194.151,25/Jan/2024:13:37:12 +0000,GET,/index.php?search=test,404,2227,normal
175.161.27.109,08/Jun/2024:15:07:47 +0000,GET,/index.php?search=test,404,5170,normal
196.58.196.245,12/Aug/2024:20:51:17 +0000,GET,/index.php?search=services,200,7302,normal
89.151.60.143,10/Oct/2024:17:00:40 +0000,GET,/index.php?search=example,404,4620,normal
13.82.140.3,11/Sep/2024:14:15:31 +0000,GET,/index.php?search=services,404,4620,normal
165.42.246.121,14/Aug/2024:16:47:09 +0000,GET,/index.php?search=contact,200,5170,normal
75.181.187.155,12/Jan/2024:02:00:32 +0000,GET,/index.php?search=about,404,8106,normal
238.175.81.99,17/Jul/2024:16:45:29 +0000,GET,/index.php?search=details,404,3740,normal
173.160.137.241,08/May/2024:15:45:58 +0000,GET,/index.php?search=about,404,4620,normal
123.250.120.87,17/Aug/2024:00:42:18 +0000,GET,/index.php?search=contact,200,6296,normal
114.39.61.171,24/Feb/2024:21:05:59 +0000,GET,/index.php?search=home,200,7174,normal
200.135.16.166,18/Jun/2024:05:24:31 +0000,GET,/index.php?search=test,404,6296,normal
73.191.56.33,14/Mar/2024:08:25:39 +0000,GET,/index.php?search=about,404,6522,normal
32.104.3.50,02/May/2024:21:17:06 +0000,GET,/index.php?search=services,200,6857,normal
43.71.95.157,06/May/2024:15:26:59 +0000,GET,/index.php?search=contact,404,7174,normal
9.92.36.142,06/Jun/2024:15:35:12 +0000,GET,/index.php?search=details,200,7302,normal
202.252.186.221,26/Apr/2024:06:36:04 +0000,GET,/index.php?search=products,404,6296,normal
179.67.36.104,06/Oct/2024:06:37:29 +0000,GET,/index.php?search=user,200,3587,normal
96.119.114.199,20/Jun/2024:08:07:05 +0000,GET,/index.php?search=about,200,6857,normal
212.238.223.145,02/Nov/2024:01:23:45 +0000,GET,/index.php?search=contact,404,6857,normal
97.154.4.18,19/Sep/2024:13:09:57 +0000,GET,/index.php?search=about,200,2923,normal
141.24.91.41,04/May/2024:09:18:46 +0000,GET,/index.php?search=products,200,7302,normal
111.74.235.12,04/Jun/2024:08:34:05 +0000,GET,/index.php?search=example,200,2227,normal
197.137.40.67,12/Nov/2024:05:01:14 +0000,GET,/index.php?search=services,200,5170,normal
240.184.127.64,14/Nov/2024:06:23:48 +0000,GET,/index.php?search=home,404,3740,normal
67.215.189.10,07/Mar/2024:02:48:41 +0000,GET,/index.php?search=home,404,4620,normal
122.175.218.235,08/Sep/2024:21:25:27 +0000,GET,/index.php?search=contact,200,3740,normal
79.246.246.238,23/Mar/2024:12:54:35 +0000,GET,/index.php?search=services,404,8106,normal
163.140.197.121,11/Jan/2024:17:35:13 +0000,GET,/index.php?search=contact,200,9059,normal
13.147.0.123,02/Aug/2024:12:52:52 +0000,GET,/index.php?search=services,200,4620,normal
234.137.152.64,03/Jul/2024:12:16:00 +0000,GET,/index.php?search=test,200,9946,normal
173.185.34.239,06/Feb/2024:16:50:15 +0000,GET,/index.php?search=test,404,7953,normal
157.186.160.173,15/Sep/2024:17:00:30 +0000,GET,/index.php?search=home,200,6857,normal
216.3.216.18,28/Apr/2024:07:35:15 +0000,GET,/index.php?search=home,200,4620,normal
27.66.190.165,31/Oct/2024:13:27:51 +0000,GET,/index.php?search=details,404,4620,normal
139.106.248.43,19/Jan/2024:15:18:58 +0000,GET,/index.php?search=details,200,6296,normal
143.222.81.214,14/Jan/2024:11:35:06 +0000,GET,/index.php?search=services,200,8106,normal
47.198.178.249,16/Aug/2024:17:30:38 +0000,GET,/index.php?search=products,200,6857,normal
157.38.229.113,30/Sep/2024:02:46:22 +0000,GET,/index.php?search=test,404,6857,normal
28.238.227.78,12/May/2024:08:26:46 +0000,GET,/index.php?search=test,200,5170,normal
35.174.226.60,11/Jul/2024:01:07:59 +0000,GET,/index.php?search=services,200,6966,normal
132.199.82.0,26/Jul/2024:22:46:27 +0000,GET,/index.php?search=home,404,9059,normal
1.147.45.140,13/Jul/2024:01:05:02 +0000,GET,/index.php?search=info,200,8944,normal
166.74.167.51,18/Sep/2024:11:57:12 +0000,GET,/index.php?search=details,404,8106,normal
180.124.60.109,08/Nov/2024:19:31:23 +0000,GET,/index.php?search=user,404,1266,normal
113.70.129.159,31/Aug/2024:16:26:10 +0000,GET,/index.php?search=about,200,6296,normal
220.65.191.255,19/Jan/2024:04:58:09 +0000,GET,/index.php?search=user,404,2227,normal
32.253.58.71,18/Nov/2024:04:53:44 +0000,GET,/index.php?search=services,404,3587,normal
20.232.56.54,12/Sep/2024:03:23:23 +0000,GET,/index.php?search=user,404,2227,normal
108.75.90.138,07/Jan/2024:05:44:22 +0000,GET,/index.php?search=contact,200,9946,normal
32.186.185.180,19/Jan/2024:09:06:07 +0000,GET,/index.php?search=about,404,6857,normal
136.128.197.110,06/Jan/2024:09:26:03 +0000,GET,/index.php?search=contact,200,6522,normal
240.0.205.27,25/Jul/2024:15:07:16 +0000,GET,/index.php?search=user,200,5170,normal
250.135.153.122,18/Mar/2024:09:00:45 +0000,GET,/index.php?search=home,200,4483,normal
236.54.52.40,26/Sep/2024:19:22:08 +0000,GET,/index.php?search=home,200,4483,normal
134.31.48.246,04/Aug/2024:17:36:25 +0000,GET,/index.php?search=user,200,8944,normal
21.233.111.232,10/Apr/2024:04:01:41 +0000,GET,/index.php?search=example,200,6292,normal
181.150.104.157,19/Sep/2024:15:09:01 +0000,GET,/index.php?search=contact,200,8944,normal
212.32.40.50,20/Jan/2024:08:36:47 +0000,GET,/index.php?search=products,404,3740,normal
243.249.119.113,08/Sep/2024:17:56:17 +0000,GET,/index.php?search=home,200,5170,normal
168.99.131.84,14/May/2024:05:51:50 +0000,GET,/index.php?search=home,200,6296,normal
223.152.190.197,19/Apr/2024:12:34:22 +0000,GET,/index.php?search=details,404,8944,normal
140.137.166.110,26/Jun/2024:13:35:44 +0000,GET,/index.php?search=products,404,6966,normal
141.246.101.198,29/May/2024:05:21:49 +0000,GET,/index.php?search=about,200,6857,normal
72.93.36.69,10/Aug/2024:01:55:36 +0000,GET,/index.php?search=services,404,6966,normal
196.145.50.120,19/Apr/2024:10:12:32 +0000,GET,/index.php?search=home,200,3587,normal
115.69.174.31,13/Mar/2024:23:55:51 +0000,GET,/index.php?search=about,404,6857,normal
144.167.117.247,07/Jul/2024:13:11:07 +0000,GET,/index.php?search=example,200,4483,normal
110.2.96.229,24/Aug/2024:04:08:53 +0000,GET,/index.php?search=user,404,8106,normal
162.132.236.9,17/Sep/2024:11:59:22 +0000,GET,/index.php?search=products,200,1266,normal
29.0.5.37,30/May/2024:13:01:05 +0000,GET,/index.php?search=home,404,1266,normal
152.202.10.45,14/Nov/2024:10:05:35 +0000,GET,/index.php?search=example,404,6857,normal
201.65.219.206,19/Oct/2024:00:28:07 +0000,GET,/index.php?search=user,404,2923,normal
180.56.35.236,31/Jul/2024:04:57:49 +0000,GET,/index.php?search=details,200,6292,normal
64.195.96.129,10/Oct/2024:20:17:48 +0000,GET,/index.php?search=test,404,3587,normal
69.249.129.154,02/Jun/2024:21:47:42 +0000,GET,/index.php?search=home,200,1266,normal
82.200.64.216,30/Sep/2024:12:45:10 +0000,GET,/index.php?search=services,404,6522,normal
48.147.87.141,22/Mar/2024:11:14:19 +0000,GET,/index.php?search=services,404,9946,normal
27.185.253.212,02/May/2024:23:33:59 +0000,GET,/index.php?search=example,404,5170,normal
176.242.179.1,25/Apr/2024:05:41:27 +0000,GET,/index.php?search=services,200,5170,normal
106.141.254.52,25/Sep/2024:19:50:16 +0000,GET,/index.php?search=services,404,9059,normal
56.175.124.168,03/Nov/2024:01:15:31 +0000,GET,/index.php?search=info,200,7174,normal
37.132.148.17,25/Feb/2024:00:41:57 +0000,GET,/index.php?search=products,200,6292,normal
41.234.24.186,13/May/2024:18:37:52 +0000,GET,/index.php?search=services,404,3740,normal
85.37.96.146,08/Jan/2024:15:17:07 +0000,GET,/index.php?search=details,200,6522,normal
40.105.7.86,09/Sep/2024:13:30:06 +0000,GET,/index.php?search=home,404,6857,normal
163.59.140.31,19/Feb/2024:13:38:29 +0000,GET,/index.php?search=about,200,3587,normal
188.114.93.200,22/Apr/2024:18:55:04 +0000,GET,/index.php?search=test,404,7174,normal
3.89.82.250,28/Jan/2024:07:37:57 +0000,GET,/index.php?search=home,200,9059,normal
228.104.197.93,23/Apr/2024:12:14:49 +0000,GET,/index.php?search=user,200,2227,normal
178.178.82.22,08/Jun/2024:09:39:07 +0000,GET,/index.php?search=test,404,6522,normal
24.128.242.57,25/Mar/2024:21:23:49 +0000,GET,/index.php?search=example,200,9059,normal
111.197.14.215,18/Feb/2024:14:19:10 +0000,GET,/index.php?search=services,404,4483,normal
24.239.203.115,29/Sep/2024:19:46:29 +0000,GET,/index.php?search=details,404,9059,normal
2.14.229.66,15/Jul/2024:22:14:27 +0000,GET,/index.php?search=contact,200,1266,normal
148.242.59.231,06/Jul/2024:13:44:04 +0000,GET,/index.php?search=products,404,6522,normal
207.185.12.211,06/Jun/2024:12:35:14 +0000,GET,/index.php?search=services,404,7953,normal
44.243.41.108,13/Sep/2024:10:23:09 +0000,GET,/index.php?search=about,200,8944,normal
101.137.213.214,11/Aug/2024:19:00:13 +0000,GET,/index.php?search=products,200,6966,normal
247.152.221.167,15/Jan/2024:09:58:32 +0000,GET,/index.php?search=user,200,6296,normal
173.60.232.60,05/Jun/2024:02:51:59 +0000,GET,/index.php?search=info,404,2227,normal
20.13.169.169,14/Mar/2024:00:25:38 +0000,GET,/index.php?search=about,200,6296,normal
188.158.195.106,19/Mar/2024:08:15:21 +0000,GET,/index.php?search=home,200,7302,normal
91.242.244.179,02/Jan/2024:05:21:31 +0000,GET,/index.php?search=services,404,6857,normal
23.237.172.32,28/Oct/2024:00:18:02 +0000,GET,/index.php?search=info,404,8944,normal
254.14.244.17,12/Apr/2024:02:17:46 +0000,GET,/index.php?search=contact,404,8944,normal
129.96.236.134,14/May/2024:12:45:28 +0000,GET,/index.php?search=user,404,9946,normal
193.75.6.68,06/Nov/2024:16:52:47 +0000,GET,/index.php?search=products,200,1266,normal
219.247.221.188,03/Jul/2024:14:37:32 +0000,GET,/index.php?search=about,200,2227,normal
6.184.86.98,12/Mar/2024:12:40:37 +0000,GET,/index.php?search=example,404,3587,normal
179.66.135.215,28/Jul/2024:22:19:12 +0000,GET,/index.php?search=products,404,6966,normal
228.18.209.153,20/Nov/2024:07:19:00 +0000,GET,/index.php?search=details,200,6292,normal
229.73.78.65,24/Apr/2024:01:03:23 +0000,GET,/index.php?search=example,404,2227,normal
58.203.185.213,17/Jun/2024:02:20:46 +0000,GET,/index.php?search=contact,404,1266,normal
57.115.76.7,24/Feb/2024:04:26:41 +0000,GET,/index.php?search=test,404,2923,normal
133.38.147.136,22/Apr/2024:06:43:57 +0000,GET,/index.php?search=home,404,9946,normal
71.203.120.208,19/Oct/2024:18:05:15 +0000,GET,/index.php?search=contact,200,6522,normal
73.0.93.130,19/Jul/2024:04:55:38 +0000,GET,/index.php?search=services,200,6296,normal
110.127.107.85,17/Jul/2024:19:49:19 +0000,GET,/index.php?search=test,404,3740,normal
235.19.44.240,13/Nov/2024:19:03:31 +0000,GET,/index.php?search=products,200,6292,normal
190.40.13.95,02/Sep/2024:15:40:04 +0000,GET,/index.php?search=user,200,1266,normal
170.173.53.179,08/Feb/2024:12:32:24 +0000,GET,/index.php?search=user,200,6292,normal
137.121.137.204,15/Feb/2024:00:31:49 +0000,GET,/index.php?search=user,404,6296,normal
11.56.118.206,21/Aug/2024:23:28:02 +0000,GET,/index.php?search=user,200,9946,normal
35.98.235.162,06/Feb/2024:10:01:39 +0000,GET,/index.php?search=about,200,6966,normal
240.81.145.10,31/Aug/2024:10:52:20 +0000,GET,/index.php?search=test,404,9059,normal
194.113.124.139,26/Jun/2024:15:06:28 +0000,GET,/index.php?search=info,404,4483,normal
126.176.202.140,26/Oct/2024:14:12:40 +0000,GET,/index.php?search=home,200,3740,normal
139.186.146.140,28/Jan/2024:22:52:40 +0000,GET,/index.php?search=services,404,1266,normal
22.27.185.178,27/May/2024:10:05:00 +0000,GET,/index.php?search=test,404,1266,normal
95.254.26.228,29/Feb/2024:23:28:01 +0000,GET,/index.php?search=details,200,1266,normal
83.43.240.115,16/Aug/2024:12:22:01 +0000,GET,/index.php?search=services,404,3587,normal
255.106.226.218,18/Oct/2024:02:13:56 +0000,GET,/index.php?search=user,404,6292,normal
255.66.213.56,03/Mar/2024:23:40:18 +0000,GET,/index.php?search=home,200,2227,normal
109.141.88.162,16/Sep/2024:01:49:39 +0000,GET,/index.php?search=example,404,7302,normal
247.99.34.189,03/Nov/2024:15:56:12 +0000,GET,/index.php?search=products,200,6857,normal
123.151.104.242,21/Oct/2024:16:57:59 +0000,GET,/index.php?search=products,200,4483,normal
166.120.230.244,17/Aug/2024:04:16:26 +0000,GET,/index.php?search=user,200,5170,normal
244.213.249.29,21/Aug/2024:10:50:46 +0000,GET,/index.php?search=test,404,5170,normal
246.233.254.215,11/Sep/2024:19:51:44 +0000,GET,/index.php?search=test,404,6292,normal
34.22.91.66,07/Oct/2024:13:12:58 +0000,GET,/index.php?search=about,404,5170,normal
246.221.111.123,28/Apr/2024:02:41:52 +0000,GET,/index.php?search=info,200,6292,normal
244.55.187.223,27/Oct/2024:21:25:03 +0000,GET,/index.php?search=info,404,3587,normal
77.185.241.39,12/Sep/2024:00:05:45 +0000,GET,/index.php?search=user,404,6292,normal
66.36.19.162,03/Mar/2024:05:03:58 +0000,GET,/index.php?search=user,404,7174,normal
108.60.41.222,21/Apr/2024:05:25:28 +0000,GET,/index.php?search=example,404,1266,normal
216.202.36.214,09/Jan/2024:12:32:38 +0000,GET,/index.php?search=contact,200,1266,normal
90.43.207.112,11/Feb/2024:06:41:57 +0000,GET,/index.php?search=user,200,5170,normal
33.108.163.11,23/May/2024:12:55:53 +0000,GET,/index.php?search=home,404,4620,normal
227.185.213.122,19/Oct/2024:06:36:15 +0000,GET,/index.php?search=user,404,9059,normal
230.52.133.181,02/Feb/2024:22:13:42 +0000,GET,/index.php?search=home,404,4620,normal
94.234.39.77,30/Apr/2024:17:09:12 +0000,GET,/index.php?search=info,200,6292,normal
145.218.71.198,24/Apr/2024:19:09:58 +0000,GET,/index.php?search=services,200,6966,normal
243.137.154.34,06/Nov/2024:20:28:15 +0000,GET,/index.php?search=details,404,6296,normal
237.203.41.9,07/Jul/2024:08:53:42 +0000,GET,/index.php?search=info,404,6522,normal
208.224.90.236,12/Jul/2024:17:56:28 +0000,GET,/index.php?search=home,404,4620,normal
125.10.133.228,26/Jul/2024:02:55:35 +0000,GET,/index.php?search=info,404,4483,normal
9.124.98.169,07/Oct/2024:20:58:29 +0000,GET,/index.php?search=services,200,1266,normal
47.15.53.100,12/Oct/2024:23:49:32 +0000,GET,/index.php?search=test,404,6292,normal
118.52.212.183,18/Jun/2024:18:40:07 +0000,GET,/index.php?search=products,200,7953,normal
119.110.61.200,06/Nov/2024:01:39:25 +0000,GET,/index.php?search=about,200,9946,normal
19.102.224.10,15/Apr/2024:02:16:15 +0000,GET,/index.php?search=about,200,3587,normal
9.16.95.38,07/May/2024:10:04:51 +0000,GET,/index.php?search=info,200,2227,normal
105.47.90.113,30/Jan/2024:10:58:17 +0000,GET,/index.php?search=details,404,6296,normal
61.35.18.49,27/Feb/2024:13:03:19 +0000,GET,/index.php?search=contact,200,7174,normal
217.32.168.251,05/Apr/2024:08:04:21 +0000,GET,/index.php?search=contact,200,9059,normal
160.122.124.203,26/May/2024:09:12:14 +0000,GET,/index.php?search=services,404,7302,normal
251.59.61.140,05/Aug/2024:01:52:51 +0000,GET,/index.php?search=user,200,7302,normal
2.39.192.126,26/Mar/2024:02:01:36 +0000,GET,/index.php?search=user,404,3740,normal
46.93.71.209,26/Jun/2024:09:37:17 +0000,GET,/index.php?search=contact,200,6966,normal
54.193.162.120,16/May/2024:06:04:31 +0000,GET,/index.php?search=example,200,3740,normal
203.244.67.29,05/Oct/2024:16:29:25 +0000,GET,/index.php?search=user,200,7953,normal
249.231.138.70,09/Aug/2024:16:02:13 +0000,GET,/index.php?search=about,200,1266,normal
250.217.46.82,09/Feb/2024:06:47:58 +0000,GET,/index.php?search=details,404,4620,normal
64.2.141.49,18/Nov/2024:10:43:01 +0000,GET,/index.php?search=details,404,6296,normal
29.143.46.209,20/Jan/2024:10:09:58 +0000,GET,/index.php?search=info,200,6296,normal
83.189.164.198,26/Jan/2024:17:35:54 +0000,GET,/index.php?search=about,404,6966,normal
30.123.134.199,07/Jun/2024:06:39:14 +0000,GET,/index.php?search=products,404,9946,normal
113.11.153.135,05/Jun/2024:14:28:06 +0000,GET,/index.php?search=services,404,8106,normal
104.69.90.196,04/Jun/2024:00:47:56 +0000,GET,/index.php?search=home,404,8106,normal
25.12.66.117,01/Apr/2024:15:19:50 +0000,GET,/index.php?search=details,200,1266,normal
59.181.96.178,26/Feb/2024:05:45:26 +0000,GET,/index.php?search=user,404,6296,normal
74.220.70.201,15/Jun/2024:22:49:20 +0000,GET,/index.php?search=example,404,4620,normal
217.172.177.52,15/Jul/2024:16:59:11 +0000,GET,/index.php?search=products,404,2923,normal
158.150.111.195,19/Nov/2024:06:33:34 +0000,GET,/index.php?search=example,404,2923,normal
203.104.244.127,01/May/2024:15:14:16 +0000,GET,/index.php?search=about,200,8944,normal
168.77.129.50,30/Jul/2024:16:52:21 +0000,GET,/index.php?search=user,404,9946,normal
105.247.98.82,25/Jan/2024:03:38:51 +0000,GET,/index.php?search=services,404,7302,normal
149.250.23.140,25/Oct/2024:16:35:37 +0000,GET,/index.php?search=home,200,1266,normal
37.31.181.204,14/Jul/2024:18:59:25 +0000,GET,/index.php?search=products,200,6857,normal
68.89.209.245,20/Jul/2024:13:26:20 +0000,GET,/index.php?search=services,200,4483,normal
238.140.74.31,02/Apr/2024:15:03:25 +0000,GET,/index.php?search=products,200,6966,normal
4.112.207.139,15/May/2024:20:53:33 +0000,GET,/index.php?search=test,200,6857,normal
10.104.0.186,01/Aug/2024:05:50:27 +0000,GET,/index.php?search=example,404,8944,normal
45.23.137.246,30/Aug/2024:03:40:43 +0000,GET,/index.php?search=about,404,6296,normal
47.110.212.232,23/Jun/2024:14:43:52 +0000,GET,/index.php?search=user,404,9059,normal
124.54.82.77,15/Feb/2024:16:16:54 +0000,GET,/index.php?search=about,200,7174,normal
82.215.167.59,08/Mar/2024:12:14:43 +0000,GET,/index.php?search=example,404,7302,normal
155.39.23.123,11/Apr/2024:02:56:18 +0000,GET,/index.php?search=contact,200,6296,normal
214.107.4.63,23/Jun/2024:15:32:44 +0000,GET,/index.php?search=details,404,6522,normal
23.64.237.180,29/Apr/2024:09:16:52 +0000,GET,/index.php?search=products,404,5170,normal
34.58.21.103,17/Jan/2024:12:50:16 +0000,GET,/index.php?search=services,200,3587,normal
12.123.243.194,03/Sep/2024:02:49:32 +0000,GET,/index.php?search=info,404,7953,normal
122.172.203.15,28/Feb/2024:17:43:18 +0000,GET,/index.php?search=about,200,7174,normal
62.252.249.211,12/Mar/2024:09:19:06 +0000,GET,/index.php?search=user,404,9059,normal
70.6.157.60,28/Feb/2024:09:36:41 +0000,GET,/index.php?search=example,404,4483,normal
204.205.76.126,25/May/2024:09:26:29 +0000,GET,/index.php?search=contact,404,4483,normal
193.131.238.42,07/Feb/2024:07:53:25 +0000,GET,/index.php?search=user,404,9059,normal
225.209.169.181,06/Jul/2024:22:38:41 +0000,GET,/index.php?search=info,404,9946,normal
100.239.174.27,10/Jan/2024:01:51:15 +0000,GET,/index.php?search=about,404,8944,normal
70.233.230.89,06/Sep/2024:04:07:14 +0000,GET,/index.php?search=test,404,6857,normal
17.242.43.18,08/Feb/2024:21:18:03 +0000,GET,/index.php?search=example,200,9059,normal
196.199.116.116,10/Jan/2024:08:38:50 +0000,GET,/index.php?search=home,404,7953,normal
88.41.183.253,19/Mar/2024:00:57:17 +0000,GET,/index.php?search=contact,200,7953,normal
119.12.88.215,17/May/2024:23:14:59 +0000,GET,/index.php?search=example,404,8106,normal
14.250.137.82,14/Apr/2024:02:12:30 +0000,GET,/index.php?search=about,404,9946,normal
83.171.248.80,03/Oct/2024:06:37:42 +0000,GET,/index.php?search=contact,200,4620,normal
231.184.26.158,18/Mar/2024:05:05:33 +0000,GET,/index.php?search=info,200,9059,normal
43.145.158.82,30/Mar/2024:13:42:08 +0000,GET,/index.php?search=details,200,6522,normal
67.61.60.40,28/Aug/2024:18:57:07 +0000,GET,/index.php?search=services,200,7953,normal
93.254.29.206,07/Feb/2024:13:55:31 +0000,GET,/index.php?search=details,200,4620,normal
155.221.174.153,26/Oct/2024:07:49:18 +0000,GET,/index.php?search=home,404,2923,normal
195.139.224.210,06/Jul/2024:06:22:25 +0000,GET,/index.php?search=contact,404,4620,normal
160.51.206.33,04/May/2024:08:58:31 +0000,GET,/index.php?search=example,404,6857,normal
219.222.8.92,13/Sep/2024:10:06:36 +0000,GET,/index.php?search=user,404,9059,normal
221.192.188.14,18/Jan/2024:04:53:55 +0000,GET,/index.php?search=test,200,6857,normal
247.102.174.20,02/Nov/2024:13:21:40 +0000,GET,/index.php?search=about,404,2227,normal
4.180.38.30,07/Oct/2024:20:48:31 +0000,GET,/index.php?search=home,200,9946,normal
250.40.49.33,16/Sep/2024:17:29:28 +0000,GET,/index.php?search=home,200,7174,normal
193.63.249.248,11/Nov/2024:21:12:36 +0000,GET,/index.php?search=home,200,8106,normal
80.146.47.115,04/Oct/2024:19:18:04 +0000,GET,/index.php?search=services,404,2923,normal
85.160.87.226,16/Jul/2024:23:32:00 +0000,GET,/index.php?search=details,404,6522,normal
187.124.243.26,08/Jan/2024:05:49:43 +0000,GET,/index.php?search=info,404,8944,normal
13.166.212.155,07/Jun/2024:14:56:32 +0000,GET,/index.php?search=user,404,2227,normal
109.106.46.228,02/Feb/2024:08:02:43 +0000,GET,/index.php?search=user,200,6292,normal
18.226.38.185,23/Jun/2024:20:34:20 +0000,GET,/index.php?search=details,404,3740,normal
209.103.6.94,23/Mar/2024:16:05:31 +0000,GET,/index.php?search=contact,404,4483,normal
182.168.131.242,10/May/2024:10:24:15 +0000,GET,/index.php?search=test,404,8944,normal
50.44.173.54,22/Sep/2024:17:01:24 +0000,GET,/index.php?search=example,200,8106,normal
73.8.116.157,01/Aug/2024:07:25:06 +0000,GET,/index.php?search=about,200,2227,normal
47.63.151.108,07/Oct/2024:15:35:03 +0000,GET,/index.php?search=example,200,8106,normal
95.33.147.137,04/Jan/2024:00:34:27 +0000,GET,/index.php?search=user,404,2923,normal
135.61.165.157,08/Aug/2024:14:56:23 +0000,GET,/index.php?search=info,404,7174,normal
86.5.174.88,08/Aug/2024:12:18:23 +0000,GET,/index.php?search=test,404,4483,normal
92.58.23.27,12/Aug/2024:23:21:43 +0000,GET,/index.php?search=home,404,1266,normal
70.132.195.236,29/Mar/2024:06:21:10 +0000,GET,/index.php?search=user,200,9946,normal
234.156.152.151,19/Jul/2024:00:15:08 +0000,GET,/index.php?search=user,404,2923,normal
68.103.97.242,29/Aug/2024:05:17:52 +0000,GET,/index.php?search=test,404,3587,normal
129.204.146.79,16/Aug/2024:03:14:09 +0000,GET,/index.php?search=info,404,6296,normal
9.181.68.195,21/May/2024:01:07:05 +0000,GET,/index.php?search=details,404,7174,normal
145.87.2.124,23/Jan/2024:18:38:08 +0000,GET,/index.php?search=info,404,3587,normal
97.198.243.223,10/Apr/2024:14:01:27 +0000,GET,/index.php?search=user,200,3740,normal
144.223.105.122,28/Jun/2024:12:14:59 +0000,GET,/index.php?search=info,404,6292,normal
105.102.212.113,05/Jan/2024:05:56:08 +0000,GET,/index.php?search=contact,200,3587,normal
12.22.210.4,22/Oct/2024:22:03:26 +0000,GET,/index.php?search=about,404,8106,normal
243.161.190.4,26/Oct/2024:18:04:09 +0000,GET,/index.php?search=details,404,3587,normal
206.180.212.226,22/Oct/2024:18:33:37 +0000,GET,/index.php?search=test,200,2227,normal
55.106.40.230,21/Nov/2024:21:45:05 +0000,GET,/index.php?search=details,200,4620,normal
237.69.117.147,29/Aug/2024:01:33:14 +0000,GET,/index.php?search=example,404,8106,normal
215.113.18.201,09/Jul/2024:02:04:14 +0000,GET,/index.php?search=products,200,7174,normal
62.117.145.211,08/Apr/2024:11:58:37 +0000,GET,/index.php?search=info,200,6296,normal
67.247.151.158,10/Nov/2024:08:08:17 +0000,GET,/index.php?search=services,404,5170,normal
23.184.248.191,03/Feb/2024:13:54:46 +0000,GET,/index.php?search=services,200,6966,normal
56.94.124.253,01/May/2024:00:02:33 +0000,GET,/index.php?search=example,404,6857,normal
208.105.160.74,25/Apr/2024:14:39:59 +0000,GET,/index.php?search=home,404,7302,normal
84.190.219.145,16/Jun/2024:08:41:07 +0000,GET,/index.php?search=about,404,8944,normal
156.89.241.69,04/Apr/2024:19:31:46 +0000,GET,/index.php?search=info,404,4620,normal
40.104.171.246,06/Oct/2024:23:47:59 +0000,GET,/index.php?search=user,200,2923,normal
150.71.248.169,29/Aug/2024:19:28:13 +0000,GET,/index.php?search=about,404,8106,normal
21.248.182.37,26/Apr/2024:23:33:56 +0000,GET,/index.php?search=home,404,6296,normal
33.36.12.229,08/Mar/2024:20:52:02 +0000,GET,/index.php?search=about,200,9059,normal
254.77.253.19,23/Oct/2024:14:21:52 +0000,GET,/index.php?search=products,200,4620,normal
156.128.203.127,11/Jul/2024:22:28:55 +0000,GET,/index.php?search=about,200,6522,normal
226.148.5.135,20/Sep/2024:17:27:15 +0000,GET,/index.php?search=about,404,6966,normal
249.193.148.93,21/May/2024:02:37:59 +0000,GET,/index.php?search=details,404,6522,normal
66.154.139.237,17/Feb/2024:21:38:16 +0000,GET,/index.php?search=about,404,3587,normal
228.60.193.213,11/Sep/2024:08:39:58 +0000,GET,/index.php?search=home,200,2227,normal
130.47.196.190,11/May/2024:00:31:36 +0000,GET,/index.php?search=services,404,6966,normal
217.74.150.197,13/Aug/2024:16:12:50 +0000,GET,/index.php?search=details,200,2227,normal
137.240.122.228,12/Aug/2024:07:07:58 +0000,GET,/index.php?search=products,404,1266,normal
245.14.239.195,03/Feb/2024:09:23:27 +0000,GET,/index.php?search=services,404,8944,normal
82.185.2.66,06/May/2024:15:14:42 +0000,GET,/index.php?search=details,200,6292,normal
86.113.142.90,27/Sep/2024:15:26:54 +0000,GET,/index.php?search=example,200,9059,normal
49.226.78.133,01/Apr/2024:22:22:17 +0000,GET,/index.php?search=products,404,5170,normal
87.28.234.124,18/Jul/2024:22:00:43 +0000,GET,/index.php?search=services,404,3587,normal
127.220.23.196,24/Apr/2024:01:06:29 +0000,GET,/index.php?search=contact,200,6292,normal
167.23.43.30,11/Oct/2024:18:44:13 +0000,GET,/index.php?search=services,200,6292,normal
198.126.195.148,18/Jan/2024:09:04:02 +0000,GET,/index.php?search=services,200,4620,normal
88.225.244.250,13/Jan/2024:01:57:12 +0000,GET,/index.php?search=about,404,6966,normal
211.6.98.67,04/May/2024:10:12:59 +0000,GET,/index.php?search=user,404,3587,normal
14.70.152.31,15/Jul/2024:08:22:44 +0000,GET,/index.php?search=example,404,6522,normal
67.64.65.226,08/Mar/2024:04:22:13 +0000,GET,/index.php?search=info,200,3587,normal
230.209.51.65,24/Jun/2024:23:40:02 +0000,GET,/index.php?search=about,404,5170,normal
175.123.18.114,02/Oct/2024:17:35:23 +0000,GET,/index.php?search=info,200,8944,normal
124.249.248.253,05/Jul/2024:17:22:55 +0000,GET,/index.php?search=user,404,4620,normal
5.53.98.241,02/Jun/2024:16:16:11 +0000,GET,/index.php?search=products,404,6292,normal
68.210.76.63,17/Jul/2024:00:12:59 +0000,GET,/index.php?search=example,200,6857,normal
198.211.241.55,29/Aug/2024:21:47:07 +0000,GET,/index.php?search=home,404,2923,normal
148.248.2.75,23/Aug/2024:23:03:33 +0000,GET,/index.php?search=details,200,7953,normal
42.9.237.5,14/Oct/2024:12:13:30 +0000,GET,/index.php?search=about,404,4620,normal
19.123.239.76,28/Jan/2024:00:31:16 +0000,GET,/index.php?search=home,404,6296,normal
124.13.141.187,11/Jan/2024:16:49:12 +0000,GET,/index.php?search=home,404,1266,normal
123.246.8.113,05/Aug/2024:18:43:08 +0000,GET,/index.php?search=contact,404,3587,normal
54.51.137.237,27/Jan/2024:00:56:49 +0000,GET,/index.php?search=info,200,6292,normal
81.177.11.145,19/Feb/2024:13:47:10 +0000,GET,/index.php?search=about,404,6966,normal
161.71.149.97,28/Mar/2024:02:28:28 +0000,GET,/index.php?search=info,404,8944,normal
37.227.190.83,03/Jun/2024:05:33:24 +0000,GET,/index.php?search=services,404,8106,normal
155.215.243.149,08/Nov/2024:05:55:23 +0000,GET,/index.php?search=info,404,9059,normal
181.114.195.47,17/Apr/2024:11:21:13 +0000,GET,/index.php?search=about,404,1266,normal
149.136.34.244,17/Nov/2024:01:06:23 +0000,GET,/index.php?search=contact,200,7302,normal
41.60.25.236,11/Apr/2024:23:33:10 +0000,GET,/index.php?search=home,200,4483,normal
50.51.213.147,01/Jan/2024:11:42:17 +0000,GET,/index.php?search=contact,200,6296,normal
182.64.66.195,20/Sep/2024:19:44:52 +0000,GET,/index.php?search=example,404,9059,normal
18.65.48.14,17/Apr/2024:20:26:42 +0000,GET,/index.php?search=products,404,6857,normal
90.87.88.231,17/Sep/2024:09:25:17 +0000,GET,/index.php?search=user,404,4620,normal
159.151.55.85,13/Aug/2024:13:32:58 +0000,GET,/index.php?search=home,200,4483,normal
109.104.89.39,15/Sep/2024:08:41:04 +0000,GET,/index.php?search=about,200,7302,normal
207.103.246.7,26/Mar/2024:22:31:12 +0000,GET,/index.php?search=info,200,5170,normal
249.157.14.72,06/Jul/2024:01:31:24 +0000,GET,/index.php?search=example,200,9059,normal
20.45.49.6,22/Aug/2024:14:20:56 +0000,GET,/index.php?search=info,200,1266,normal
137.241.166.225,16/Mar/2024:17:31:25 +0000,GET,/index.php?search=contact,200,8944,normal
55.247.80.64,28/Mar/2024:14:11:46 +0000,GET,/index.php?search=info,200,3740,normal
162.198.89.148,08/Aug/2024:19:44:07 +0000,GET,/index.php?search=about,200,6522,normal
75.180.38.165,18/Jul/2024:06:46:13 +0000,GET,/index.php?search=info,200,3587,normal
190.206.175.150,27/Jan/2024:12:32:30 +0000,GET,/index.php?search=products,404,6857,normal
161.143.120.106,17/Oct/2024:11:40:03 +0000,GET,/index.php?search=contact,200,4483,normal
35.84.87.221,28/Oct/2024:14:17:56 +0000,GET,/index.php?search=details,200,6966,normal
216.185.122.2,11/Apr/2024:14:26:21 +0000,GET,/index.php?search=products,200,7953,normal
173.22.168.154,09/Apr/2024:10:28:49 +0000,GET,/index.php?search=home,404,6292,normal
248.154.219.20,03/Jun/2024:16:44:49 +0000,GET,/index.php?search=contact,404,3740,normal
83.193.95.239,02/May/2024:05:33:24 +0000,GET,/index.php?search=details,404,3740,normal
107.122.63.153,02/Aug/2024:12:59:04 +0000,GET,/index.php?search=test,200,6857,normal
154.163.218.65,26/Feb/2024:15:03:08 +0000,GET,/index.php?search=example,200,4483,normal
248.12.157.125,30/Jan/2024:18:47:24 +0000,GET,/index.php?search=contact,404,6296,normal
127.21.137.218,09/May/2024:15:42:21 +0000,GET,/index.php?search=details,404,9946,normal
79.180.7.234,12/Sep/2024:14:52:26 +0000,GET,/index.php?search=test,404,2923,normal
176.159.36.134,15/Feb/2024:05:45:36 +0000,GET,/index.php?search=home,404,6292,normal
146.168.89.66,15/Sep/2024:09:19:31 +0000,GET,/index.php?search=user,404,4620,normal
246.191.146.192,28/Mar/2024:20:52:53 +0000,GET,/index.php?search=example,404,8944,normal
234.39.239.159,06/Jan/2024:08:53:35 +0000,GET,/index.php?search=info,200,6292,normal
232.196.255.13,20/Jan/2024:06:37:07 +0000,GET,/index.php?search=info,200,8106,normal
199.252.11.173,02/May/2024:17:13:43 +0000,GET,/index.php?search=test,200,6966,normal
236.132.8.29,28/Apr/2024:20:46:07 +0000,GET,/index.php?search=products,200,5170,normal
144.227.225.20,26/Aug/2024:16:22:40 +0000,GET,/index.php?search=contact,200,3587,normal
122.12.249.131,21/May/2024:13:44:39 +0000,GET,/index.php?search=user,200,7953,normal
212.196.35.52,22/Aug/2024:08:20:10 +0000,GET,/index.php?search=services,200,5170,normal
96.73.171.132,01/Sep/2024:13:17:52 +0000,GET,/index.php?search=services,200,6292,normal
51.244.235.7,15/Jan/2024:03:55:27 +0000,GET,/index.php?search=test,200,6296,normal
102.245.218.134,20/Nov/2024:07:52:34 +0000,GET,/index.php?search=products,200,9059,normal
172.10.46.74,05/Aug/2024:05:50:36 +0000,GET,/index.php?search=info,200,4620,normal
29.53.25.146,15/Aug/2024:23:00:16 +0000,GET,/index.php?search=home,200,3587,normal
32.67.70.197,01/Sep/2024:22:33:40 +0000,GET,/index.php?search=info,200,1266,normal
195.89.40.68,13/Jan/2024:10:17:24 +0000,GET,/index.php?search=products,404,3587,normal
32.136.3.173,09/Oct/2024:01:09:09 +0000,GET,/index.php?search=contact,200,6966,normal
89.99.112.178,14/Oct/2024:17:32:31 +0000,GET,/index.php?search=user,200,2227,normal
88.96.193.146,15/Mar/2024:06:05:13 +0000,GET,/index.php?search=about,200,6966,normal
176.99.40.36,03/Jul/2024:14:20:49 +0000,GET,/index.php?search=user,200,6296,normal
237.222.107.14,11/Nov/2024:20:47:35 +0000,GET,/index.php?search=info,404,3740,normal
152.10.113.84,25/Apr/2024:13:30:06 +0000,GET,/index.php?search=details,200,6857,normal
181.212.55.231,28/Aug/2024:22:59:15 +0000,GET,/index.php?search=contact,200,6522,normal
80.80.70.14,01/Apr/2024:04:52:04 +0000,GET,/index.php?search=details,404,9946,normal
113.6.149.208,31/Mar/2024:04:43:53 +0000,GET,/index.php?search=test,404,6522,normal
149.123.32.4,20/Jun/2024:01:00:37 +0000,GET,/index.php?search=home,404,9946,normal
12.6.182.236,23/May/2024:11:05:47 +0000,GET,/index.php?search=products,200,6296,normal
26.64.65.8,13/Jun/2024:16:02:38 +0000,GET,/index.php?search=test,404,7953,normal
188.97.20.205,05/Feb/2024:01:38:45 +0000,GET,/index.php?search=user,404,7302,normal
135.160.132.128,04/Jun/2024:19:30:03 +0000,GET,/index.php?search=contact,404,8106,normal
90.172.142.90,16/Mar/2024:00:42:34 +0000,GET,/index.php?search=products,200,4620,normal
133.43.174.127,31/Mar/2024:20:18:27 +0000,GET,/index.php?search=details,200,8106,normal
212.49.140.84,23/Jan/2024:21:28:25 +0000,GET,/index.php?search=test,404,4620,normal
30.185.224.179,01/Nov/2024:10:07:17 +0000,GET,/index.php?search=example,200,4620,normal
243.139.32.91,24/Jun/2024:17:59:02 +0000,GET,/index.php?search=test,404,4483,normal
82.252.184.3,28/Oct/2024:15:48:04 +0000,GET,/index.php?search=home,404,4620,normal
32.225.54.89,31/Aug/2024:16:09:22 +0000,GET,/index.php?search=home,404,8944,normal
106.111.236.177,22/Sep/2024:17:11:58 +0000,GET,/index.php?search=about,404,8944,normal
30.76.75.13,16/Oct/2024:21:55:27 +0000,GET,/index.php?search=home,404,8944,normal
210.246.72.36,29/Apr/2024:09:00:34 +0000,GET,/index.php?search=about,200,9059,normal
148.115.248.180,07/May/2024:05:48:41 +0000,GET,/index.php?search=example,404,8944,normal
30.82.252.177,13/Jan/2024:08:52:46 +0000,GET,/index.php?search=details,404,8944,normal
31.55.165.30,16/May/2024:07:34:05 +0000,GET,/index.php?search=contact,404,7174,normal
230.105.107.98,04/Aug/2024:05:58:39 +0000,GET,/index.php?search=test,200,6292,normal
75.213.96.222,16/Nov/2024:17:59:09 +0000,GET,/index.php?search=products,200,9059,normal
70.37.189.74,25/Jul/2024:16:14:54 +0000,GET,/index.php?search=info,404,8106,normal
222.4.68.180,21/Jul/2024:15:21:15 +0000,GET,/index.php?search=products,404,6292,normal
37.66.163.185,15/Jun/2024:02:36:02 +0000,GET,/index.php?search=info,404,7302,normal
251.1.207.9,04/Jul/2024:13:43:39 +0000,GET,/index.php?search=products,404,6292,normal
66.160.140.71,27/Aug/2024:11:04:11 +0000,GET,/index.php?search=contact,404,4620,normal
230.178.60.120,31/Mar/2024:02:41:20 +0000,GET,/index.php?search=example,404,7953,normal
112.50.12.108,05/May/2024:22:20:56 +0000,GET,/index.php?search=about,200,2923,normal
158.213.125.242,16/Aug/2024:13:54:07 +0000,GET,/index.php?search=details,200,8944,normal
124.209.0.72,09/Aug/2024:23:06:44 +0000,GET,/index.php?search=details,404,8944,normal
12.135.82.61,06/Aug/2024:09:13:21 +0000,GET,/index.php?search=example,404,6292,normal
188.248.119.129,11/Jul/2024:00:12:40 +0000,GET,/index.php?search=contact,404,7302,normal
31.107.20.178,05/Nov/2024:03:01:30 +0000,GET,/index.php?search=info,404,2227,normal
62.31.60.93,18/Mar/2024:02:11:52 +0000,GET,/index.php?search=info,200,5170,normal
217.98.98.135,13/Aug/2024:11:00:19 +0000,GET,/index.php?search=details,404,3587,normal
178.26.183.120,29/Jun/2024:00:16:35 +0000,GET,/index.php?search=services,200,7302,normal
56.73.149.249,01/May/2024:04:10:09 +0000,GET,/index.php?search=products,200,4483,normal
234.217.189.214,01/Jun/2024:03:24:00 +0000,GET,/index.php?search=test,404,4483,normal
110.54.100.101,27/Oct/2024:13:26:37 +0000,GET,/index.php?search=services,404,6296,normal
83.236.44.246,01/Apr/2024:21:01:59 +0000,GET,/index.php?search=home,404,6522,normal
173.169.81.37,27/May/2024:23:04:53 +0000,GET,/index.php?search=example,200,6296,normal
209.111.57.65,23/Apr/2024:20:56:48 +0000,GET,/index.php?search=about,200,8106,normal
199.208.230.64,13/May/2024:11:10:56 +0000,GET,/index.php?search=about,200,4620,normal
49.10.6.173,29/Feb/2024:14:07:33 +0000,GET,/index.php?search=example,404,2923,normal
227.232.149.33,20/Apr/2024:12:51:10 +0000,GET,/index.php?search=contact,404,9946,normal
129.121.176.176,02/Jul/2024:23:06:35 +0000,GET,/index.php?search=details,404,6966,normal
47.27.141.49,12/Mar/2024:03:02:44 +0000,GET,/index.php?search=home,200,8106,normal
27.31.153.103,14/Sep/2024:12:18:47 +0000,GET,/index.php?search=services,200,6966,normal
137.196.227.34,01/Jun/2024:22:18:33 +0000,GET,/index.php?search=products,200,9946,normal
58.3.109.253,13/Jan/2024:06:22:28 +0000,GET,/index.php?search=about,404,9946,normal
183.46.134.92,16/Oct/2024:17:48:17 +0000,GET,/index.php?search=products,200,8106,normal
27.53.135.75,10/Mar/2024:11:38:30 +0000,GET,/index.php?search=contact,200,7953,normal
3.141.116.135,05/May/2024:09:20:29 +0000,GET,/index.php?search=info,404,4620,normal
84.4.158.76,03/Jan/2024:22:19:58 +0000,GET,/index.php?search=info,404,7174,normal
100.251.53.185,15/Apr/2024:11:51:35 +0000,GET,/index.php?search=contact,404,3740,normal
28.0.37.252,03/Mar/2024:09:55:26 +0000,GET,/index.php?search=info,404,6522,normal
153.100.100.63,31/Mar/2024:01:13:03 +0000,GET,/index.php?search=products,200,3587,normal
195.183.201.8,09/Apr/2024:08:18:46 +0000,GET,/index.php?search=info,404,4620,normal
94.101.30.49,02/Feb/2024:10:10:17 +0000,GET,/index.php?search=products,200,6966,normal
125.86.26.70,21/Jun/2024:11:55:18 +0000,GET,/index.php?search=info,200,8106,normal
8.201.75.180,29/Feb/2024:19:11:22 +0000,GET,/index.php?search=contact,404,8944,normal
1.91.211.37,21/Aug/2024:13:10:35 +0000,GET,/index.php?search=contact,200,6857,normal
111.180.229.10,23/Jan/2024:11:13:49 +0000,GET,/index.php?search=test,404,2227,normal
202.239.49.152,30/Jun/2024:20:21:18 +0000,GET,/index.php?search=example,404,3740,normal
70.20.171.57,27/Jan/2024:13:42:04 +0000,GET,/index.php?search=services,404,6522,normal
215.29.237.4,13/Jan/2024:12:52:08 +0000,GET,/index.php?search=details,404,9946,normal
166.244.21.252,05/May/2024:03:58:49 +0000,GET,/index.php?search=details,404,9946,normal
247.98.92.98,23/Sep/2024:10:15:48 +0000,GET,/index.php?search=services,200,6857,normal
149.22.134.120,01/Jan/2024:12:19:50 +0000,GET,/index.php?search=details,200,6857,normal
227.146.124.210,17/Jul/2024:01:49:20 +0000,GET,/index.php?search=details,200,4620,normal
249.254.12.52,20/Jan/2024:17:59:55 +0000,GET,/index.php?search=details,404,8106,normal
88.200.83.247,25/Sep/2024:09:10:34 +0000,GET,/index.php?search=details,200,6857,normal
30.69.14.86,25/Aug/2024:16:55:41 +0000,GET,/index.php?search=example,200,7174,normal
41.26.129.100,17/Oct/2024:21:54:42 +0000,GET,/index.php?search=services,200,8944,normal
85.239.246.242,26/Mar/2024:03:15:30 +0000,GET,/index.php?search=services,200,7174,normal
68.175.68.234,03/Jun/2024:06:39:56 +0000,GET,/index.php?search=home,404,6522,normal
38.208.214.151,04/Feb/2024:06:57:54 +0000,GET,/index.php?search=details,404,2923,normal
124.58.130.102,25/Apr/2024:18:14:09 +0000,GET,/index.php?search=contact,404,8106,normal
203.101.226.35,19/Apr/2024:18:05:26 +0000,GET,/index.php?search=test,404,2923,normal
85.94.180.177,27/Sep/2024:14:23:28 +0000,GET,/index.php?search=example,404,2923,normal
19.96.10.48,25/May/2024:06:40:25 +0000,GET,/index.php?search=home,200,7302,normal
111.100.15.32,26/Jul/2024:06:26:56 +0000,GET,/index.php?search=test,200,8106,normal
185.155.200.133,01/Nov/2024:00:06:59 +0000,GET,/index.php?search=contact,200,7302,normal
93.11.213.186,10/Aug/2024:13:35:31 +0000,GET,/index.php?search=user,200,6522,normal
79.225.247.195,06/Nov/2024:14:38:09 +0000,GET,/index.php?search=home,200,9059,normal
161.56.22.219,12/Feb/2024:05:06:30 +0000,GET,/index.php?search=home,200,6966,normal
83.178.94.147,12/May/2024:23:47:01 +0000,GET,/index.php?search=services,200,9059,normal
96.21.186.141,15/Aug/2024:07:10:58 +0000,GET,/index.php?search=info,404,3587,normal
175.58.167.18,03/Aug/2024:10:33:19 +0000,GET,/index.php?search=example,200,2227,normal
44.105.153.37,08/Oct/2024:08:31:28 +0000,GET,/index.php?search=example,200,2923,normal
27.195.6.72,27/Jul/2024:17:40:38 +0000,GET,/index.php?search=example,404,4483,normal
229.77.42.125,04/Jun/2024:19:34:33 +0000,GET,/index.php?search=about,404,4620,normal
51.243.36.38,08/Apr/2024:22:36:08 +0000,GET,/index.php?search=contact,200,9946,normal
244.150.214.108,25/Feb/2024:12:19:21 +0000,GET,/index.php?search=contact,404,7174,normal
26.15.39.126,10/Jul/2024:11:17:14 +0000,GET,/index.php?search=about,200,8944,normal
64.158.198.224,17/Aug/2024:08:22:00 +0000,GET,/index.php?search=details,200,9059,normal
245.213.163.15,20/Nov/2024:18:13:17 +0000,GET,/index.php?search=test,404,9059,normal
1.51.206.37,27/Jun/2024:08:33:34 +0000,GET,/index.php?search=example,200,3587,normal
187.172.83.73,22/Feb/2024:19:46:06 +0000,GET,/index.php?search=user,200,3587,normal
4.230.19.180,15/May/2024:21:31:48 +0000,GET,/index.php?search=info,200,2923,normal
253.87.60.225,28/May/2024:17:55:15 +0000,GET,/index.php?search=user,404,6966,normal
146.201.249.51,22/Mar/2024:23:00:05 +0000,GET,/index.php?search=user,200,8944,normal
146.218.70.100,26/Jun/2024:12:43:33 +0000,GET,/index.php?search=details,200,9946,normal
211.167.147.244,11/Oct/2024:00:47:40 +0000,GET,/index.php?search=products,200,6292,normal
115.242.66.162,24/Apr/2024:15:43:04 +0000,GET,/index.php?search=details,200,4483,normal
100.52.183.215,15/Apr/2024:03:42:46 +0000,GET,/index.php?search=example,404,7174,normal
198.255.227.6,13/May/2024:17:24:23 +0000,GET,/index.php?search=test,404,7953,normal
27.220.125.120,29/Oct/2024:21:31:53 +0000,GET,/index.php?search=details,200,7953,normal
93.41.249.20,29/Feb/2024:16:32:26 +0000,GET,/index.php?search=info,200,6522,normal
34.235.149.6,05/Nov/2024:12:50:22 +0000,GET,/index.php?search=about,200,4620,normal
220.60.213.139,19/Sep/2024:19:03:14 +0000,GET,/index.php?search=about,404,2227,normal
134.3.171.180,10/May/2024:06:50:57 +0000,GET,/index.php?search=info,200,7174,normal
141.149.122.9,10/Jun/2024:07:42:51 +0000,GET,/index.php?search=services,404,7953,normal
117.5.64.234,01/Mar/2024:21:30:26 +0000,GET,/index.php?search=test,200,4483,normal
24.216.61.42,27/May/2024:23:10:46 +0000,GET,/index.php?search=example,200,7174,normal
153.122.203.47,28/Feb/2024:20:50:48 +0000,GET,/index.php?search=details,404,6522,normal
79.132.10.198,29/Oct/2024:02:04:05 +0000,GET,/index.php?search=details,200,2923,normal
157.207.208.210,21/Jan/2024:00:04:48 +0000,GET,/index.php?search=products,200,8106,normal
248.72.232.16,30/Apr/2024:07:12:03 +0000,GET,/index.php?search=details,404,6522,normal
215.196.207.87,05/Jun/2024:01:50:38 +0000,GET,/index.php?search=info,200,6857,normal
101.9.124.249,25/Oct/2024:09:55:00 +0000,GET,/index.php?search=test,200,9059,normal
16.72.33.237,04/May/2024:08:10:45 +0000,GET,/index.php?search=about,200,8944,normal
86.89.215.42,06/Nov/2024:12:02:32 +0000,GET,/index.php?search=example,404,9946,normal
172.19.18.87,13/Sep/2024:18:55:19 +0000,GET,/index.php?search=test,404,6966,normal
129.137.115.76,11/May/2024:23:59:58 +0000,GET,/index.php?search=info,404,1266,normal
95.74.90.20,03/Jul/2024:17:28:41 +0000,GET,/index.php?search=contact,200,9946,normal
10.215.57.211,01/Nov/2024:15:56:48 +0000,GET,/index.php?search=services,200,1266,normal
93.238.191.110,31/Jul/2024:13:13:30 +0000,GET,/index.php?search=user,404,8106,normal
47.239.95.26,15/Feb/2024:21:41:18 +0000,GET,/index.php?search=test,200,6296,normal
109.139.83.199,25/Jun/2024:02:44:41 +0000,GET,/index.php?search=services,404,2227,normal
50.80.51.39,07/Jan/2024:11:52:31 +0000,GET,/index.php?search=user,200,8944,normal
166.132.26.143,19/Nov/2024:16:05:11 +0000,GET,/index.php?search=products,404,2227,normal
223.80.148.91,24/Sep/2024:02:54:12 +0000,GET,/index.php?search=details,404,5170,normal
191.152.74.198,11/Feb/2024:09:49:33 +0000,GET,/index.php?search=home,404,4483,normal
255.30.253.157,11/May/2024:15:29:01 +0000,GET,/index.php?search=test,404,8944,normal
161.158.147.148,26/Jun/2024:10:54:15 +0000,GET,/index.php?search=test,404,3587,normal
76.120.51.7,05/Jan/2024:18:22:22 +0000,GET,/index.php?search=products,200,4483,normal
114.61.81.43,22/May/2024:17:39:26 +0000,GET,/index.php?search=test,404,8944,normal
217.59.222.36,03/Jun/2024:12:47:01 +0000,GET,/index.php?search=test,200,7174,normal
197.85.167.185,01/Oct/2024:07:23:45 +0000,GET,/index.php?search=test,200,2227,normal
240.253.108.7,27/Aug/2024:04:52:49 +0000,GET,/index.php?search=services,404,1266,normal
241.30.168.162,03/Oct/2024:17:34:46 +0000,GET,/index.php?search=test,404,8106,normal
135.36.126.70,10/Jun/2024:14:38:21 +0000,GET,/index.php?search=details,200,6296,normal
160.44.250.187,19/Jul/2024:02:42:48 +0000,GET,/index.php?search=home,200,6857,normal
3.51.133.50,27/Mar/2024:04:03:29 +0000,GET,/index.php?search=example,404,7953,normal
220.131.109.43,10/Oct/2024:08:40:17 +0000,GET,/index.php?search=info,404,4620,normal
254.214.146.114,01/Sep/2024:01:15:48 +0000,GET,/index.php?search=user,200,5170,normal
86.38.132.227,08/Aug/2024:07:09:08 +0000,GET,/index.php?search=home,200,9946,normal
142.117.95.160,10/Nov/2024:00:34:50 +0000,GET,/index.php?search=test,200,6522,normal
99.148.31.193,04/Jun/2024:05:24:41 +0000,GET,/index.php?search=home,200,8106,normal
185.97.141.81,12/Oct/2024:23:57:24 +0000,GET,/index.php?search=details,200,5170,normal
150.113.239.201,23/Feb/2024:04:29:43 +0000,GET,/index.php?search=info,404,9946,normal
209.25.50.160,06/Oct/2024:16:40:04 +0000,GET,/index.php?search=home,404,7302,normal
12.92.241.81,27/Oct/2024:15:37:32 +0000,GET,/index.php?search=contact,404,6857,normal
104.72.201.70,01/Sep/2024:22:13:38 +0000,GET,/index.php?search=services,404,6857,normal
193.173.160.222,04/Feb/2024:18:54:51 +0000,GET,/index.php?search=services,404,7302,normal
231.133.114.185,18/Jun/2024:13:03:18 +0000,GET,/index.php?search=home,404,9946,normal
32.99.20.74,13/Jan/2024:20:24:15 +0000,GET,/index.php?search=user,200,9059,normal
8.211.131.54,26/Jan/2024:07:53:16 +0000,GET,/index.php?search=example,404,4483,normal
241.0.88.117,06/May/2024:19:56:46 +0000,GET,/index.php?search=contact,404,3740,normal
251.86.176.3,18/Nov/2024:11:16:38 +0000,GET,/index.php?search=about,404,6966,normal
49.196.158.15,05/Nov/2024:07:55:29 +0000,GET,/index.php?search=info,404,6292,normal
18.246.10.36,20/Jun/2024:04:59:30 +0000,GET,/index.php?search=test,200,9946,normal
163.112.238.227,10/Jun/2024:01:35:56 +0000,GET,/index.php?search=user,404,6857,normal
158.35.120.233,07/Mar/2024:07:29:35 +0000,GET,/index.php?search=test,404,3587,normal
210.77.103.126,06/Jun/2024:19:06:43 +0000,GET,/index.php?search=example,404,8944,normal
194.147.171.130,16/Mar/2024:13:30:49 +0000,GET,/index.php?search=info,200,6857,normal
84.77.187.156,08/Mar/2024:13:13:06 +0000,GET,/index.php?search=products,200,6966,normal
82.128.5.31,29/Feb/2024:16:48:58 +0000,GET,/index.php?search=user,404,8106,normal
129.127.201.7,18/Aug/2024:10:30:58 +0000,GET,/index.php?search=user,404,2227,normal
230.189.187.242,10/May/2024:06:56:04 +0000,GET,/index.php?search=user,404,3587,normal
152.215.226.143,18/Jun/2024:19:34:26 +0000,GET,/index.php?search=user,200,6296,normal
11.32.49.118,28/Feb/2024:23:42:24 +0000,GET,/index.php?search=info,404,3587,normal
63.197.47.88,03/Sep/2024:11:03:05 +0000,GET,/index.php?search=example,404,6296,normal
70.69.69.123,26/Jun/2024:05:00:58 +0000,GET,/index.php?search=info,200,7953,normal
206.226.49.39,31/Jan/2024:21:13:40 +0000,GET,/index.php?search=info,200,8944,normal
15.18.102.193,27/Jun/2024:03:11:15 +0000,GET,/index.php?search=test,200,4620,normal
170.31.145.230,23/Jan/2024:06:04:57 +0000,GET,/index.php?search=products,404,7174,normal
121.86.1.133,06/May/2024:00:14:49 +0000,GET,/index.php?search=contact,200,5170,normal
128.155.231.129,31/May/2024:01:22:49 +0000,GET,/index.php?search=info,200,3740,normal
13.144.215.125,21/Nov/2024:12:12:04 +0000,GET,/index.php?search=contact,404,3587,normal
141.150.185.135,12/Jan/2024:20:44:40 +0000,GET,/index.php?search=services,200,2923,normal
43.196.210.100,18/Mar/2024:16:22:47 +0000,GET,/index.php?search=services,404,2227,normal
96.201.121.140,16/Jun/2024:03:00:06 +0000,GET,/index.php?search=products,200,9946,normal
222.28.179.144,06/May/2024:03:37:53 +0000,GET,/index.php?search=services,200,7174,normal
46.153.149.113,20/Oct/2024:18:59:15 +0000,GET,/index.php?search=services,404,6292,normal
117.75.8.238,27/Jun/2024:23:50:24 +0000,GET,/index.php?search=info,404,6292,normal
194.219.48.155,22/Mar/2024:11:54:43 +0000,GET,/index.php?search=contact,404,3740,normal
86.110.27.141,12/Oct/2024:15:38:04 +0000,GET,/index.php?search=example,200,3587,normal
93.10.56.35,02/Apr/2024:08:47:37 +0000,GET,/index.php?search=test,200,7174,normal
6.134.63.63,06/Feb/2024:15:55:24 +0000,GET,/index.php?search=example,200,4620,normal
43.73.59.209,10/May/2024:10:45:37 +0000,GET,/index.php?search=example,200,2227,normal
34.160.129.36,07/Sep/2024:19:50:56 +0000,GET,/index.php?search=services,200,2227,normal
57.227.184.4,29/Jul/2024:05:32:31 +0000,GET,/index.php?search=contact,404,6292,normal
121.112.86.218,21/Nov/2024:03:20:04 +0000,GET,/index.php?search=info,200,9946,normal
55.204.77.20,13/Aug/2024:01:30:18 +0000,GET,/index.php?search=example,404,8106,normal
157.169.196.202,27/Jan/2024:14:35:14 +0000,GET,/index.php?search=about,200,4483,normal
53.24.164.23,13/Oct/2024:18:10:18 +0000,GET,/index.php?search=contact,404,7174,normal
54.115.93.72,04/Jan/2024:02:53:11 +0000,GET,/index.php?search=about,404,7174,normal
47.150.113.174,09/Feb/2024:10:09:33 +0000,GET,/index.php?search=contact,404,6296,normal
18.214.25.230,13/Sep/2024:22:29:52 +0000,GET,/index.php?search=services,200,7302,normal
90.143.76.239,01/Jul/2024:13:20:50 +0000,GET,/index.php?search=home,404,4620,normal
114.9.225.255,06/Jul/2024:17:32:36 +0000,GET,/index.php?search=about,200,6522,normal
70.72.207.122,28/Jul/2024:08:46:46 +0000,GET,/index.php?search=services,404,7953,normal
168.253.244.203,06/Apr/2024:05:20:45 +0000,GET,/index.php?search=contact,404,7953,normal
76.188.88.40,27/Sep/2024:10:45:27 +0000,GET,/index.php?search=contact,404,3740,normal
63.118.10.235,14/Jul/2024:21:54:37 +0000,GET,/index.php?search=example,200,2923,normal
72.137.168.246,28/Jul/2024:16:23:54 +0000,GET,/index.php?search=test,200,8106,normal
85.254.193.173,11/Jan/2024:20:42:45 +0000,GET,/index.php?search=info,200,7953,normal
225.254.159.148,20/May/2024:10:33:37 +0000,GET,/index.php?search=info,404,7174,normal
229.205.248.202,27/Mar/2024:09:56:56 +0000,GET,/index.php?search=example,404,6292,normal
215.188.221.103,31/Aug/2024:06:45:37 +0000,GET,/index.php?search=products,404,7953,normal
211.24.83.95,25/Jan/2024:20:45:59 +0000,GET,/index.php?search=example,200,8106,normal
136.143.57.171,09/Apr/2024:08:16:25 +0000,GET,/index.php?search=test,200,8944,normal
79.142.30.69,09/Nov/2024:17:24:17 +0000,GET,/index.php?search=user,404,7174,normal
86.234.82.241,13/Mar/2024:12:50:51 +0000,GET,/index.php?search=home,200,2227,normal
